timestamp,requests_total,tls_handshakes_total,active_connections,request_bytes_total,response_bytes_total,handshake_duration_ms,request_duration_ms,requests_per_interval,handshakes_per_interval,request_bytes_per_interval,response_bytes_per_interval,anomaly_prediction,anomaly_score,status
2026-09-07 10:52:24.759191,50.0,50.0,0.0,0.0,3950.0,18.4275,34.9795,0.0,0.0,0.0,0.0,1,0.0,NORMAL
2026-09-07 10:52:29.834959,50.0,50.0,0.0,0.0,3950.0,18.4275,34.9795,0.0,0.0,0.0,0.0,1,0.0,NORMAL
2026-09-07 10:52:34.896732,50.0,50.0,0.0,0.0,3950.0,18.4275,34.9795,0.0,0.0,0.0,0.0,1,0.0,NORMAL
2026-09-07 10:52:39.971641,50.0,50.0,0.0,0.0,3950.0,18.4275,34.9795,0.0,0.0,0.0,0.0,1,0.0,NORMAL
2026-09-07 10:52:45.007533,50.0,50.0,0.0,0.0,3950.0,18.4275,34.9795,0.0,0.0,0.0,0.0,1,0.0,NORMAL
2026-09-07 10:52:50.074190,50.0,50.0,0.0,0.0,3950.0,18.4275,34.9795,0.0,0.0,0.0,0.0,1,0.0,NORMAL
2026-09-07 10:52:55.112201,50.0,50.0,0.0,0.0,3950.0,18.4275,34.9795,0.0,0.0,0.0,0.0,1,0.0,NORMAL
2026-09-07 10:53:00.203196,50.0,50.0,0.0,0.0,3950.0,18.4275,34.9795,0.0,0.0,0.0,0.0,1,0.0,NORMAL
2026-09-07 10:53:05.256271,50.0,50.0,0.0,0.0,3950.0,18.4275,34.9795,0.0,0.0,0.0,0.0,1,0.0,NORMAL
2026-09-07 10:53:10.356616,50.0,50.0,0.0,0.0,3950.0,18.4275,34.9795,0.0,0.0,0.0,0.0,1,0.0,NORMAL
2026-09-07 10:53:15.622553,50.0,50.0,0.0,0.0,3950.0,18.4275,34.9795,0.0,0.0,0.0,0.0,1,0.0,NORMAL
2026-09-07 10:53:20.716394,50.0,50.0,0.0,0.0,3950.0,18.4275,34.9795,0.0,0.0,0.0,0.0,1,0.0,NORMAL
2026-09-07 10:53:25.792289,50.0,50.0,0.0,0.0,3950.0,18.4275,34.9795,0.0,0.0,0.0,0.0,1,0.0,NORMAL
2026-09-07 10:53:30.876161,50.0,50.0,0.0,0.0,3950.0,18.4275,34.9795,0.0,0.0,0.0,0.0,1,0.0,NORMAL
2026-09-07 10:53:36.046215,50.0,50.0,0.0,0.0,3950.0,18.4275,34.9795,0.0,0.0,0.0,0.0,1,0.0,NORMAL
2026-09-07 10:53:41.165747,50.0,50.0,0.0,0.0,3950.0,18.4275,34.9795,0.0,0.0,0.0,0.0,1,0.0,NORMAL
2026-09-07 10:53:46.223124,50.0,50.0,0.0,0.0,3950.0,18.4275,34.9795,0.0,0.0,0.0,0.0,1,0.0,NORMAL
2026-09-07 10:53:51.273689,50.0,50.0,0.0,0.0,3950.0,18.4275,34.9795,0.0,0.0,0.0,0.0,1,0.0,NORMAL
2026-09-07 10:53:56.337602,50.0,50.0,0.0,0.0,3950.0,18.4275,34.9795,0.0,0.0,0.0,0.0,1,0.0,NORMAL
2026-09-07 10:54:01.408674,50.0,50.0,0.0,0.0,3950.0,18.4275,34.9795,0.0,0.0,0.0,0.0,1,0.0,NORMAL
2026-09-07 10:54:06.476398,50.0,50.0,0.0,0.0,3950.0,18.4275,34.9795,0.0,0.0,0.0,0.0,1,0.0,NORMAL
2026-09-07 10:54:11.557843,50.0,50.0,0.0,0.0,3950.0,18.4275,34.9795,0.0,0.0,0.0,0.0,1,0.0,NORMAL
2026-09-07 10:54:16.613038,50.0,50.0,0.0,0.0,3950.0,18.4275,34.9795,0.0,0.0,0.0,0.0,1,0.0,NORMAL
2026-09-07 10:54:21.675647,50.0,50.0,0.0,0.0,3950.0,18.4275,34.9795,0.0,0.0,0.0,0.0,1,0.0,NORMAL
2026-09-07 10:54:26.737392,50.0,50.0,0.0,0.0,3950.0,18.4275,34.9795,0.0,0.0,0.0,0.0,1,0.0,NORMAL
2026-09-07 10:54:31.800350,50.0,50.0,0.0,0.0,3950.0,18.4275,34.9795,0.0,0.0,0.0,0.0,1,0.0,NORMAL
2026-09-07 10:54:36.848443,50.0,50.0,0.0,0.0,3950.0,18.4275,34.9795,0.0,0.0,0.0,0.0,1,0.0,NORMAL
2026-09-07 10:54:41.924538,50.0,50.0,0.0,0.0,3950.0,18.4275,34.9795,0.0,0.0,0.0,0.0,1,0.0,NORMAL
2026-09-07 10:54:46.996711,50.0,50.0,0.0,0.0,3950.0,18.4275,34.9795,0.0,0.0,0.0,0.0,1,0.0,NORMAL
2026-09-07 10:54:52.074152,50.0,50.0,0.0,0.0,3950.0,18.4275,34.9795,0.0,0.0,0.0,0.0,1,0.0,NORMAL
2026-09-07 10:54:57.181650,50.0,50.0,0.0,0.0,3950.0,18.4275,34.9795,0.0,0.0,0.0,0.0,1,0.0,NORMAL
2026-09-07 10:55:02.229169,50.0,50.0,0.0,0.0,3950.0,18.4275,34.9795,0.0,0.0,0.0,0.0,1,0.0,NORMAL
2026-09-07 10:55:07.309657,50.0,50.0,0.0,0.0,3950.0,18.4275,34.9795,0.0,0.0,0.0,0.0,1,0.0,NORMAL
2026-09-07 10:55:12.381275,50.0,50.0,0.0,0.0,3950.0,18.4275,34.9795,0.0,0.0,0.0,0.0,1,0.0,NORMAL
2026-09-07 10:55:17.462741,50.0,50.0,0.0,0.0,3950.0,18.4275,34.9795,0.0,0.0,0.0,0.0,1,0.0,NORMAL
2026-09-07 10:55:22.528767,50.0,50.0,0.0,0.0,3950.0,18.4275,34.9795,0.0,0.0,0.0,0.0,1,0.0,NORMAL
2026-09-07 10:55:27.570645,50.0,50.0,0.0,0.0,3950.0,18.4275,34.9795,0.0,0.0,0.0,0.0,1,0.0,NORMAL
2026-09-07 10:55:32.649453,50.0,50.0,0.0,0.0,3950.0,18.4275,34.9795,0.0,0.0,0.0,0.0,1,0.0,NORMAL
2026-09-07 10:55:37.703251,50.0,50.0,0.0,0.0,3950.0,18.4275,34.9795,0.0,0.0,0.0,0.0,1,0.0,NORMAL
2026-09-07 10:55:42.814776,50.0,50.0,0.0,0.0,3950.0,18.4275,34.9795,0.0,0.0,0.0,0.0,1,0.0,NORMAL
2026-09-07 10:55:47.935554,50.0,50.0,0.0,0.0,3950.0,18.4275,34.9795,0.0,0.0,0.0,0.0,1,0.0,NORMAL
2026-09-07 10:55:53.020256,50.0,50.0,0.0,0.0,3950.0,18.4275,34.9795,0.0,0.0,0.0,0.0,1,0.0,NORMAL
2026-09-07 10:55:58.095850,50.0,50.0,0.0,0.0,3950.0,18.4275,34.9795,0.0,0.0,0.0,0.0,1,0.0,NORMAL
2026-09-07 10:56:03.161747,50.0,50.0,0.0,0.0,3950.0,18.4275,34.9795,0.0,0.0,0.0,0.0,1,0.0,NORMAL
2026-09-07 10:56:08.219882,50.0,50.0,0.0,0.0,3950.0,18.4275,34.9795,0.0,0.0,0.0,0.0,1,0.0,NORMAL
2026-09-07 10:56:13.294333,50.0,50.0,0.0,0.0,3950.0,18.4275,34.9795,0.0,0.0,0.0,0.0,1,0.0,NORMAL
2026-09-07 10:56:18.384452,50.0,50.0,0.0,0.0,3950.0,18.4275,34.9795,0.0,0.0,0.0,0.0,1,0.0,NORMAL
2026-09-07 10:56:23.465332,50.0,50.0,0.0,0.0,3950.0,18.4275,34.9795,0.0,0.0,0.0,0.0,1,0.0,NORMAL
2026-09-07 10:56:28.520797,50.0,50.0,0.0,0.0,3950.0,18.4275,34.9795,0.0,0.0,0.0,0.0,1,0.0,NORMAL
2026-09-07 10:56:33.573273,50.0,50.0,0.0,0.0,3950.0,18.4275,34.9795,0.0,0.0,0.0,0.0,1,0.0,NORMAL
2026-09-07 10:56:38.619008,50.0,50.0,0.0,0.0,3950.0,18.4275,34.9795,0.0,0.0,0.0,0.0,1,0.0,NORMAL
2026-09-07 10:56:43.680897,50.0,50.0,0.0,0.0,3950.0,18.4275,34.9795,0.0,0.0,0.0,0.0,1,0.0,NORMAL
2026-09-07 10:56:48.748857,50.0,50.0,0.0,0.0,3950.0,18.4275,34.9795,0.0,0.0,0.0,0.0,1,0.0,NORMAL
2026-09-07 10:56:53.834112,50.0,50.0,0.0,0.0,3950.0,18.4275,34.9795,0.0,0.0,0.0,0.0,1,0.0,NORMAL
2026-09-07 10:56:58.893193,50.0,50.0,0.0,0.0,3950.0,18.4275,34.9795,0.0,0.0,0.0,0.0,1,0.0,NORMAL
2026-09-07 10:57:03.967220,50.0,50.0,0.0,0.0,3950.0,18.4275,34.9795,0.0,0.0,0.0,0.0,1,0.0,NORMAL
2026-09-07 10:57:09.005839,50.0,50.0,0.0,0.0,3950.0,18.4275,34.9795,0.0,0.0,0.0,0.0,1,0.0,NORMAL
2026-09-07 10:57:14.086167,50.0,50.0,0.0,0.0,3950.0,18.4275,34.9795,0.0,0.0,0.0,0.0,1,0.0,NORMAL
2026-09-07 10:57:19.136894,50.0,50.0,0.0,0.0,3950.0,18.4275,34.9795,0.0,0.0,0.0,0.0,1,0.0,NORMAL
2026-09-07 10:57:24.211239,50.0,50.0,0.0,0.0,3950.0,18.4275,34.9795,0.0,0.0,0.0,0.0,1,0.0,NORMAL
2026-09-07 10:57:29.287864,50.0,50.0,0.0,0.0,3950.0,18.4275,34.9795,0.0,0.0,0.0,0.0,1,0.0,NORMAL
2026-09-07 10:57:34.369657,50.0,50.0,0.0,0.0,3950.0,18.4275,34.9795,0.0,0.0,0.0,0.0,1,0.0,NORMAL
2026-09-07 10:57:39.457667,50.0,50.0,0.0,0.0,3950.0,18.4275,34.9795,0.0,0.0,0.0,0.0,1,0.0,NORMAL
2026-09-07 10:57:44.536689,50.0,50.0,0.0,0.0,3950.0,18.4275,34.9795,0.0,0.0,0.0,0.0,1,0.0,NORMAL
2026-09-07 10:57:49.698807,50.0,50.0,0.0,0.0,3950.0,18.4275,34.9795,0.0,0.0,0.0,0.0,1,0.0,NORMAL
2026-09-07 10:57:54.875577,50.0,50.0,0.0,0.0,3950.0,18.4275,34.9795,0.0,0.0,0.0,0.0,1,0.0,NORMAL
2026-09-07 10:58:00.062806,50.0,50.0,0.0,0.0,3950.0,18.4275,34.9795,0.0,0.0,0.0,0.0,1,0.0,NORMAL
2026-09-07 10:58:05.116286,50.0,50.0,0.0,0.0,3950.0,18.4275,34.9795,0.0,0.0,0.0,0.0,1,0.0,NORMAL
2026-09-07 10:58:10.243264,50.0,50.0,0.0,0.0,3950.0,18.4275,34.9795,0.0,0.0,0.0,0.0,1,0.0,NORMAL
2026-09-07 10:58:15.378113,50.0,50.0,0.0,0.0,3950.0,18.4275,34.9795,0.0,0.0,0.0,0.0,1,0.0,NORMAL
2026-09-07 10:58:20.516549,50.0,50.0,0.0,0.0,3950.0,18.4275,34.9795,0.0,0.0,0.0,0.0,1,0.0,NORMAL
2026-09-07 10:58:25.747748,50.0,50.0,0.0,0.0,3950.0,18.4275,34.9795,0.0,0.0,0.0,0.0,1,0.0,NORMAL
2026-09-07 10:58:30.891347,50.0,50.0,0.0,0.0,3950.0,18.4275,34.9795,0.0,0.0,0.0,0.0,1,0.0,NORMAL
2026-09-07 10:58:36.063249,50.0,50.0,0.0,0.0,3950.0,18.4275,34.9795,0.0,0.0,0.0,0.0,1,0.0,NORMAL
2026-09-07 10:58:41.179384,50.0,50.0,0.0,0.0,3950.0,18.4275,34.9795,0.0,0.0,0.0,0.0,1,0.0,NORMAL
2026-09-07 10:58:46.295459,50.0,50.0,0.0,0.0,3950.0,18.4275,34.9795,0.0,0.0,0.0,0.0,1,0.0,NORMAL
2026-09-07 10:58:51.438206,50.0,50.0,0.0,0.0,3950.0,18.4275,34.9795,0.0,0.0,0.0,0.0,1,0.0,NORMAL
2026-09-07 10:58:56.577023,50.0,50.0,0.0,0.0,3950.0,18.4275,34.9795,0.0,0.0,0.0,0.0,1,0.0,NORMAL
2026-09-07 10:59:01.637493,50.0,50.0,0.0,0.0,3950.0,18.4275,34.9795,0.0,0.0,0.0,0.0,1,0.0,NORMAL
2026-09-07 10:59:06.808210,50.0,50.0,0.0,0.0,3950.0,18.4275,34.9795,0.0,0.0,0.0,0.0,1,0.0,NORMAL
2026-09-07 10:59:11.883177,50.0,50.0,0.0,0.0,3950.0,18.4275,34.9795,0.0,0.0,0.0,0.0,1,0.0,NORMAL
2026-09-07 10:59:16.923734,50.0,50.0,0.0,0.0,3950.0,18.4275,34.9795,0.0,0.0,0.0,0.0,1,0.0,NORMAL
2026-09-07 10:59:22.063244,50.0,50.0,0.0,0.0,3950.0,18.4275,34.9795,0.0,0.0,0.0,0.0,1,0.0,NORMAL
2026-09-07 10:59:27.114414,50.0,50.0,0.0,0.0,3950.0,18.4275,34.9795,0.0,0.0,0.0,0.0,1,0.0,NORMAL
2026-09-07 10:59:32.200553,50.0,50.0,0.0,0.0,3950.0,18.4275,34.9795,0.0,0.0,0.0,0.0,1,0.0,NORMAL
2026-09-07 10:59:37.337999,50.0,50.0,0.0,0.0,3950.0,18.4275,34.9795,0.0,0.0,0.0,0.0,1,0.0,NORMAL
2026-09-07 10:59:42.519989,50.0,50.0,0.0,0.0,3950.0,18.4275,34.9795,0.0,0.0,0.0,0.0,1,0.0,NORMAL
2026-09-07 10:59:47.626291,50.0,50.0,0.0,0.0,3950.0,18.4275,34.9795,0.0,0.0,0.0,0.0,1,0.0,NORMAL
2026-09-07 10:59:52.787077,50.0,50.0,0.0,0.0,3950.0,18.4275,34.9795,0.0,0.0,0.0,0.0,1,0.0,NORMAL
2026-09-07 10:59:57.961698,50.0,50.0,0.0,0.0,3950.0,18.4275,34.9795,0.0,0.0,0.0,0.0,1,0.0,NORMAL
2026-09-07 11:00:03.058940,50.0,50.0,0.0,0.0,3950.0,18.4275,34.9795,0.0,0.0,0.0,0.0,1,0.0,NORMAL
2026-09-07 11:00:08.237105,50.0,50.0,0.0,0.0,3950.0,18.4275,34.9795,0.0,0.0,0.0,0.0,1,0.0,NORMAL
2026-09-07 11:00:13.431617,50.0,50.0,0.0,0.0,3950.0,18.4275,34.9795,0.0,0.0,0.0,0.0,1,0.0,NORMAL
2026-09-07 11:00:18.545944,50.0,50.0,0.0,0.0,3950.0,18.4275,34.9795,0.0,0.0,0.0,0.0,1,0.0,NORMAL
2026-09-07 11:00:23.686562,50.0,50.0,0.0,0.0,3950.0,18.4275,34.9795,0.0,0.0,0.0,0.0,1,0.0,NORMAL
2026-09-07 11:00:28.759894,50.0,50.0,0.0,0.0,3950.0,18.4275,34.9795,0.0,0.0,0.0,0.0,1,0.0,NORMAL
2026-09-07 11:00:33.843214,50.0,50.0,0.0,0.0,3950.0,18.4275,34.9795,0.0,0.0,0.0,0.0,1,0.0,NORMAL
2026-09-07 11:00:38.899423,50.0,50.0,0.0,0.0,3950.0,18.4275,34.9795,0.0,0.0,0.0,0.0,1,0.0,NORMAL
2026-09-07 11:00:43.956495,50.0,50.0,0.0,0.0,3950.0,18.4275,34.9795,0.0,0.0,0.0,0.0,1,0.0,NORMAL
2026-09-07 11:00:48.998504,50.0,50.0,0.0,0.0,3950.0,18.4275,34.9795,0.0,0.0,0.0,0.0,1,0.0,NORMAL
2026-09-07 11:00:54.131016,50.0,50.0,0.0,0.0,3950.0,18.4275,34.9795,0.0,0.0,0.0,0.0,1,0.0,NORMAL
2026-09-07 11:00:59.191053,50.0,50.0,0.0,0.0,3950.0,18.4275,34.9795,0.0,0.0,0.0,0.0,1,0.0,NORMAL
2026-09-07 11:01:04.324361,50.0,50.0,0.0,0.0,3950.0,18.4275,34.9795,0.0,0.0,0.0,0.0,1,0.0,NORMAL
2026-09-07 11:01:09.407016,50.0,50.0,0.0,0.0,3950.0,18.4275,34.9795,0.0,0.0,0.0,0.0,1,0.0,NORMAL
2026-09-07 11:01:14.466810,50.0,50.0,0.0,0.0,3950.0,18.4275,34.9795,0.0,0.0,0.0,0.0,1,0.0,NORMAL
2026-09-07 11:01:19.627132,50.0,50.0,0.0,0.0,3950.0,18.4275,34.9795,0.0,0.0,0.0,0.0,1,0.0,NORMAL
2026-09-07 11:01:24.700213,50.0,50.0,0.0,0.0,3950.0,18.4275,34.9795,0.0,0.0,0.0,0.0,1,0.0,NORMAL
2026-09-07 11:01:29.826420,50.0,50.0,0.0,0.0,3950.0,18.4275,34.9795,0.0,0.0,0.0,0.0,1,0.0,NORMAL
2026-09-07 11:01:34.980037,50.0,50.0,0.0,0.0,3950.0,18.4275,34.9795,0.0,0.0,0.0,0.0,1,0.0,NORMAL
2026-09-07 11:01:40.032491,50.0,50.0,0.0,0.0,3950.0,18.4275,34.9795,0.0,0.0,0.0,0.0,1,0.0,NORMAL
2026-09-07 11:01:45.213015,50.0,50.0,0.0,0.0,3950.0,18.4275,34.9795,0.0,0.0,0.0,0.0,1,0.0,NORMAL
2026-09-07 11:01:50.329885,50.0,50.0,0.0,0.0,3950.0,18.4275,34.9795,0.0,0.0,0.0,0.0,1,0.0,NORMAL
2026-09-07 11:01:55.407271,50.0,50.0,0.0,0.0,3950.0,18.4275,34.9795,0.0,0.0,0.0,0.0,1,0.0,NORMAL
2026-09-07 11:02:00.496928,50.0,50.0,0.0,0.0,3950.0,18.4275,34.9795,0.0,0.0,0.0,0.0,1,0.0,NORMAL
2026-09-07 11:02:05.673256,50.0,50.0,0.0,0.0,3950.0,18.4275,34.9795,0.0,0.0,0.0,0.0,1,0.0,NORMAL
2026-09-07 11:02:10.723929,50.0,50.0,0.0,0.0,3950.0,18.4275,34.9795,0.0,0.0,0.0,0.0,1,0.0,NORMAL
2026-09-07 11:02:15.808175,50.0,50.0,0.0,0.0,3950.0,18.4275,34.9795,0.0,0.0,0.0,0.0,1,0.0,NORMAL
2026-09-07 11:02:20.864576,50.0,50.0,0.0,0.0,3950.0,18.4275,34.9795,0.0,0.0,0.0,0.0,1,0.0,NORMAL
2026-09-07 11:02:26.022742,50.0,50.0,0.0,0.0,3950.0,18.4275,34.9795,0.0,0.0,0.0,0.0,1,0.0,NORMAL
2026-09-07 11:02:31.163456,50.0,50.0,0.0,0.0,3950.0,18.4275,34.9795,0.0,0.0,0.0,0.0,1,0.0,NORMAL
2026-09-07 11:02:36.342586,50.0,50.0,0.0,0.0,3950.0,18.4275,34.9795,0.0,0.0,0.0,0.0,1,0.0,NORMAL
2026-09-07 11:02:41.476140,50.0,50.0,0.0,0.0,3950.0,18.4275,34.9795,0.0,0.0,0.0,0.0,1,0.0,NORMAL
2026-09-07 11:02:46.554034,50.0,50.0,0.0,0.0,3950.0,18.4275,34.9795,0.0,0.0,0.0,0.0,1,0.0,NORMAL
2026-09-07 11:02:51.711049,50.0,50.0,0.0,0.0,3950.0,18.4275,34.9795,0.0,0.0,0.0,0.0,1,0.0,NORMAL
2026-09-07 11:02:56.864764,50.0,50.0,0.0,0.0,3950.0,18.4275,34.9795,0.0,0.0,0.0,0.0,1,0.0,NORMAL
2026-09-07 11:03:02.014882,50.0,50.0,0.0,0.0,3950.0,18.4275,34.9795,0.0,0.0,0.0,0.0,1,0.0,NORMAL
2026-09-07 11:03:07.183102,50.0,50.0,0.0,0.0,3950.0,18.4275,34.9795,0.0,0.0,0.0,0.0,1,0.0,NORMAL
2026-09-07 11:03:12.341971,50.0,50.0,0.0,0.0,3950.0,18.4275,34.9795,0.0,0.0,0.0,0.0,1,0.0,NORMAL
2026-09-07 11:03:17.479339,50.0,50.0,0.0,0.0,3950.0,18.4275,34.9795,0.0,0.0,0.0,0.0,1,0.0,NORMAL
2026-09-07 11:03:22.590622,50.0,50.0,0.0,0.0,3950.0,18.4275,34.9795,0.0,0.0,0.0,0.0,1,0.0,NORMAL
2026-09-07 11:03:27.735304,50.0,50.0,0.0,0.0,3950.0,18.4275,34.9795,0.0,0.0,0.0,0.0,1,0.0,NORMAL
2026-09-07 11:03:32.797973,50.0,50.0,0.0,0.0,3950.0,18.4275,34.9795,0.0,0.0,0.0,0.0,1,0.0,NORMAL
2026-09-07 11:03:37.848745,50.0,50.0,0.0,0.0,3950.0,18.4275,34.9795,0.0,0.0,0.0,0.0,1,0.0,NORMAL
2026-09-07 11:03:42.891436,50.0,50.0,0.0,0.0,3950.0,18.4275,34.9795,0.0,0.0,0.0,0.0,1,0.0,NORMAL
2026-09-07 11:03:48.018345,50.0,50.0,0.0,0.0,3950.0,18.4275,34.9795,0.0,0.0,0.0,0.0,1,0.0,NORMAL
2026-09-07 11:03:53.076886,50.0,50.0,0.0,0.0,3950.0,18.4275,34.9795,0.0,0.0,0.0,0.0,1,0.0,NORMAL
2026-09-07 11:03:58.258212,50.0,50.0,0.0,0.0,3950.0,18.4275,34.9795,0.0,0.0,0.0,0.0,1,0.0,NORMAL
2026-09-07 11:04:03.426791,50.0,50.0,0.0,0.0,3950.0,18.4275,34.9795,0.0,0.0,0.0,0.0,1,0.0,NORMAL
2026-09-07 11:04:08.536261,50.0,50.0,0.0,0.0,3950.0,18.4275,34.9795,0.0,0.0,0.0,0.0,1,0.0,NORMAL
2026-09-07 11:04:13.665474,50.0,50.0,0.0,0.0,3950.0,18.4275,34.9795,0.0,0.0,0.0,0.0,1,0.0,NORMAL
2026-09-07 11:04:18.765340,50.0,50.0,0.0,0.0,3950.0,18.4275,34.9795,0.0,0.0,0.0,0.0,1,0.0,NORMAL
2026-09-07 11:04:23.919670,50.0,50.0,0.0,0.0,3950.0,18.4275,34.9795,0.0,0.0,0.0,0.0,1,0.0,NORMAL
2026-09-07 11:04:29.077875,50.0,50.0,0.0,0.0,3950.0,18.4275,34.9795,0.0,0.0,0.0,0.0,1,0.0,NORMAL
2026-09-07 11:04:34.213091,50.0,50.0,0.0,0.0,3950.0,18.4275,34.9795,0.0,0.0,0.0,0.0,1,0.0,NORMAL
2026-09-07 11:04:39.334257,50.0,50.0,0.0,0.0,3950.0,18.4275,34.9795,0.0,0.0,0.0,0.0,1,0.0,NORMAL
2026-09-07 11:04:44.451860,50.0,50.0,0.0,0.0,3950.0,18.4275,34.9795,0.0,0.0,0.0,0.0,1,0.0,NORMAL
2026-09-07 11:04:49.576733,50.0,50.0,0.0,0.0,3950.0,18.4275,34.9795,0.0,0.0,0.0,0.0,1,0.0,NORMAL
2026-09-07 11:04:54.717854,50.0,50.0,0.0,0.0,3950.0,18.4275,34.9795,0.0,0.0,0.0,0.0,1,0.0,NORMAL
2026-09-07 11:04:59.870665,50.0,50.0,0.0,0.0,3950.0,18.4275,34.9795,0.0,0.0,0.0,0.0,1,0.0,NORMAL
2026-09-07 11:05:04.980846,50.0,50.0,0.0,0.0,3950.0,18.4275,34.9795,0.0,0.0,0.0,0.0,1,0.0,NORMAL
2026-09-07 11:05:10.135150,50.0,50.0,0.0,0.0,3950.0,18.4275,34.9795,0.0,0.0,0.0,0.0,1,0.0,NORMAL
2026-09-07 11:05:15.343654,50.0,50.0,0.0,0.0,3950.0,18.4275,34.9795,0.0,0.0,0.0,0.0,1,0.0,NORMAL
2026-09-07 11:05:20.494271,50.0,50.0,0.0,0.0,3950.0,18.4275,34.9795,0.0,0.0,0.0,0.0,1,0.0,NORMAL
2026-09-07 11:05:25.658503,50.0,50.0,0.0,0.0,3950.0,18.4275,34.9795,0.0,0.0,0.0,0.0,1,0.0,NORMAL
2026-09-07 11:05:30.724310,50.0,50.0,0.0,0.0,3950.0,18.4275,34.9795,0.0,0.0,0.0,0.0,1,0.0,NORMAL
2026-09-07 11:05:35.788672,50.0,50.0,0.0,0.0,3950.0,18.4275,34.9795,0.0,0.0,0.0,0.0,1,0.0,NORMAL
2026-09-07 11:05:40.828285,50.0,50.0,0.0,0.0,3950.0,18.4275,34.9795,0.0,0.0,0.0,0.0,1,0.0,NORMAL
2026-09-07 11:05:45.913307,50.0,50.0,0.0,0.0,3950.0,18.4275,34.9795,0.0,0.0,0.0,0.0,1,0.0,NORMAL
2026-09-07 11:05:51.045901,50.0,50.0,0.0,0.0,3950.0,18.4275,34.9795,0.0,0.0,0.0,0.0,1,0.0,NORMAL
2026-09-07 11:05:56.261786,50.0,50.0,0.0,0.0,3950.0,18.4275,34.9795,0.0,0.0,0.0,0.0,1,0.0,NORMAL
2026-09-07 11:06:01.424026,50.0,50.0,0.0,0.0,3950.0,18.4275,34.9795,0.0,0.0,0.0,0.0,1,0.0,NORMAL
2026-09-07 11:06:06.544545,50.0,50.0,0.0,0.0,3950.0,18.4275,34.9795,0.0,0.0,0.0,0.0,1,0.0,NORMAL
2026-09-07 11:06:11.690239,50.0,50.0,0.0,0.0,3950.0,18.4275,34.9795,0.0,0.0,0.0,0.0,1,0.0,NORMAL
2026-09-07 11:06:16.843582,50.0,50.0,0.0,0.0,3950.0,18.4275,34.9795,0.0,0.0,0.0,0.0,1,0.0,NORMAL
2026-09-07 11:06:21.896256,50.0,50.0,0.0,0.0,3950.0,18.4275,34.9795,0.0,0.0,0.0,0.0,1,0.0,NORMAL
2026-09-07 11:06:26.965301,50.0,50.0,0.0,0.0,3950.0,18.4275,34.9795,0.0,0.0,0.0,0.0,1,0.0,NORMAL
2026-09-07 11:06:32.029444,50.0,50.0,0.0,0.0,3950.0,18.4275,34.9795,0.0,0.0,0.0,0.0,1,0.0,NORMAL
2026-09-07 11:06:37.081313,50.0,50.0,0.0,0.0,3950.0,18.4275,34.9795,0.0,0.0,0.0,0.0,1,0.0,NORMAL
2026-09-07 11:06:42.171766,50.0,50.0,0.0,0.0,3950.0,18.4275,34.9795,0.0,0.0,0.0,0.0,1,0.0,NORMAL
2026-09-07 11:06:47.306127,50.0,50.0,0.0,0.0,3950.0,18.4275,34.9795,0.0,0.0,0.0,0.0,1,0.0,NORMAL
2026-09-07 11:06:52.383658,50.0,50.0,0.0,0.0,3950.0,18.4275,34.9795,0.0,0.0,0.0,0.0,1,0.0,NORMAL
2026-09-07 11:06:57.453493,50.0,50.0,0.0,0.0,3950.0,18.4275,34.9795,0.0,0.0,0.0,0.0,1,0.0,NORMAL
2026-09-07 11:07:02.520333,50.0,50.0,0.0,0.0,3950.0,18.4275,34.9795,0.0,0.0,0.0,0.0,1,0.0,NORMAL
2026-09-07 11:07:07.612836,50.0,50.0,0.0,0.0,3950.0,18.4275,34.9795,0.0,0.0,0.0,0.0,1,0.0,NORMAL
2026-09-07 11:07:12.687787,50.0,50.0,0.0,0.0,3950.0,18.4275,34.9795,0.0,0.0,0.0,0.0,1,0.0,NORMAL
2026-09-07 11:07:17.746583,50.0,50.0,0.0,0.0,3950.0,18.4275,34.9795,0.0,0.0,0.0,0.0,1,0.0,NORMAL
2026-09-07 11:07:22.800724,50.0,50.0,0.0,0.0,3950.0,18.4275,34.9795,0.0,0.0,0.0,0.0,1,0.0,NORMAL
2026-09-07 11:07:27.842518,50.0,50.0,0.0,0.0,3950.0,18.4275,34.9795,0.0,0.0,0.0,0.0,1,0.0,NORMAL
2026-09-07 11:07:32.906434,50.0,50.0,0.0,0.0,3950.0,18.4275,34.9795,0.0,0.0,0.0,0.0,1,0.0,NORMAL
2026-09-07 11:07:37.948697,50.0,50.0,0.0,0.0,3950.0,18.4275,34.9795,0.0,0.0,0.0,0.0,1,0.0,NORMAL
2026-09-07 11:07:42.993201,50.0,50.0,0.0,0.0,3950.0,18.4275,34.9795,0.0,0.0,0.0,0.0,1,0.0,NORMAL
2026-09-07 11:07:48.075815,50.0,50.0,0.0,0.0,3950.0,18.4275,34.9795,0.0,0.0,0.0,0.0,1,0.0,NORMAL
2026-09-07 11:07:53.132504,50.0,50.0,0.0,0.0,3950.0,18.4275,34.9795,0.0,0.0,0.0,0.0,1,0.0,NORMAL
2026-09-07 11:07:58.208867,50.0,50.0,0.0,0.0,3950.0,18.4275,34.9795,0.0,0.0,0.0,0.0,1,0.0,NORMAL
2026-09-07 11:08:03.254561,50.0,50.0,0.0,0.0,3950.0,18.4275,34.9795,0.0,0.0,0.0,0.0,1,0.0,NORMAL
2026-09-07 11:08:08.375570,50.0,50.0,0.0,0.0,3950.0,18.4275,34.9795,0.0,0.0,0.0,0.0,1,0.0,NORMAL
2026-09-07 11:08:13.447101,50.0,50.0,0.0,0.0,3950.0,18.4275,34.9795,0.0,0.0,0.0,0.0,1,0.0,NORMAL
2026-09-07 11:08:18.496869,50.0,50.0,0.0,0.0,3950.0,18.4275,34.9795,0.0,0.0,0.0,0.0,1,0.0,NORMAL
2026-09-07 11:08:23.574011,50.0,50.0,0.0,0.0,3950.0,18.4275,34.9795,0.0,0.0,0.0,0.0,1,0.0,NORMAL
2026-09-07 11:08:28.610305,50.0,50.0,0.0,0.0,3950.0,18.4275,34.9795,0.0,0.0,0.0,0.0,1,0.0,NORMAL
2026-09-07 11:08:33.658726,50.0,50.0,0.0,0.0,3950.0,18.4275,34.9795,0.0,0.0,0.0,0.0,1,0.0,NORMAL
2026-09-07 11:08:38.698087,50.0,50.0,0.0,0.0,3950.0,18.4275,34.9795,0.0,0.0,0.0,0.0,1,0.0,NORMAL
2026-09-07 11:08:43.745973,50.0,50.0,0.0,0.0,3950.0,18.4275,34.9795,0.0,0.0,0.0,0.0,1,0.0,NORMAL
2026-09-07 11:08:48.786825,50.0,50.0,0.0,0.0,3950.0,18.4275,34.9795,0.0,0.0,0.0,0.0,1,0.0,NORMAL
2026-09-07 11:08:53.869098,50.0,50.0,0.0,0.0,3950.0,18.4275,34.9795,0.0,0.0,0.0,0.0,1,0.0,NORMAL
2026-09-07 11:08:58.942179,50.0,50.0,0.0,0.0,3950.0,18.4275,34.9795,0.0,0.0,0.0,0.0,1,0.0,NORMAL
2026-09-07 11:09:03.997128,50.0,50.0,0.0,0.0,3950.0,18.4275,34.9795,0.0,0.0,0.0,0.0,1,0.0,NORMAL
2026-09-07 11:09:09.094252,50.0,50.0,0.0,0.0,3950.0,18.4275,34.9795,0.0,0.0,0.0,0.0,1,0.0,NORMAL
2026-09-07 11:09:14.271507,50.0,50.0,0.0,0.0,3950.0,18.4275,34.9795,0.0,0.0,0.0,0.0,1,0.0,NORMAL
2026-09-07 11:09:19.359230,50.0,50.0,0.0,0.0,3950.0,18.4275,34.9795,0.0,0.0,0.0,0.0,1,0.0,NORMAL
2026-09-07 11:09:24.434847,50.0,50.0,0.0,0.0,3950.0,18.4275,34.9795,0.0,0.0,0.0,0.0,1,0.0,NORMAL
2026-09-07 11:09:29.511592,50.0,50.0,0.0,0.0,3950.0,18.4275,34.9795,0.0,0.0,0.0,0.0,1,0.0,NORMAL
2026-09-07 11:09:34.636156,50.0,50.0,0.0,0.0,3950.0,18.4275,34.9795,0.0,0.0,0.0,0.0,1,0.0,NORMAL
2026-09-07 11:09:39.728964,50.0,50.0,0.0,0.0,3950.0,18.4275,34.9795,0.0,0.0,0.0,0.0,1,0.0,NORMAL
2026-09-07 11:09:44.819261,50.0,50.0,0.0,0.0,3950.0,18.4275,34.9795,0.0,0.0,0.0,0.0,1,0.0,NORMAL
2026-09-07 11:09:49.913060,50.0,50.0,0.0,0.0,3950.0,18.4275,34.9795,0.0,0.0,0.0,0.0,1,0.0,NORMAL
2026-09-07 11:09:54.986425,50.0,50.0,0.0,0.0,3950.0,18.4275,34.9795,0.0,0.0,0.0,0.0,1,0.0,NORMAL
2026-09-07 11:10:00.065100,50.0,50.0,0.0,0.0,3950.0,18.4275,34.9795,0.0,0.0,0.0,0.0,1,0.0,NORMAL
2026-09-07 11:10:05.139933,50.0,50.0,0.0,0.0,3950.0,18.4275,34.9795,0.0,0.0,0.0,0.0,1,0.0,NORMAL
2026-09-07 11:10:10.209629,50.0,50.0,0.0,0.0,3950.0,18.4275,34.9795,0.0,0.0,0.0,0.0,1,0.0,NORMAL
2026-09-07 11:10:15.277061,50.0,50.0,0.0,0.0,3950.0,18.4275,34.9795,0.0,0.0,0.0,0.0,1,0.0,NORMAL
2026-09-07 11:10:20.341637,50.0,50.0,0.0,0.0,3950.0,18.4275,34.9795,0.0,0.0,0.0,0.0,1,0.0,NORMAL
2026-09-07 11:10:25.396120,50.0,50.0,0.0,0.0,3950.0,18.4275,34.9795,0.0,0.0,0.0,0.0,1,0.0,NORMAL
2026-09-07 11:10:30.496783,50.0,50.0,0.0,0.0,3950.0,18.4275,34.9795,0.0,0.0,0.0,0.0,1,0.0,NORMAL
2026-09-07 11:10:35.572782,50.0,50.0,0.0,0.0,3950.0,18.4275,34.9795,0.0,0.0,0.0,0.0,1,0.0,NORMAL
2026-09-07 11:10:40.684217,50.0,50.0,0.0,0.0,3950.0,18.4275,34.9795,0.0,0.0,0.0,0.0,1,0.0,NORMAL
2026-09-07 11:10:45.762820,50.0,50.0,0.0,0.0,3950.0,18.4275,34.9795,0.0,0.0,0.0,0.0,1,0.0,NORMAL
2026-09-07 11:10:50.835358,50.0,50.0,0.0,0.0,3950.0,18.4275,34.9795,0.0,0.0,0.0,0.0,1,0.0,NORMAL
2026-09-07 11:10:55.874239,50.0,50.0,0.0,0.0,3950.0,18.4275,34.9795,0.0,0.0,0.0,0.0,1,0.0,NORMAL
2026-09-07 11:11:00.925680,50.0,50.0,0.0,0.0,3950.0,18.4275,34.9795,0.0,0.0,0.0,0.0,1,0.0,NORMAL
2026-09-07T11:11:01.982271,77,69,42,7.392006808377093,21.24335232796435,27,19,0.017411977992506066,NORMAL
2026-09-07T11:11:02.983593,109,75,50,6.24300289878867,8.4350973263504,32,6,0.2746921703177548,NORMAL
2026-09-07T11:11:03.984406,143,103,26,7.080355767510925,29.006593042196304,34,28,0.22156998371639308,NORMAL
2026-09-07T11:11:04.985448,169,119,17,1.3812738225316203,19.64532446688339,26,16,0.229198491301282,NORMAL
2026-09-07T11:11:05.986515,248,142,46,5.944724322903195,13.784424287778943,79,23,0.21235566768454298,NORMAL
2026-09-07 11:11:05.974315,50.0,50.0,0.0,0.0,3950.0,18.4275,34.9795,0.0,0.0,0.0,0.0,1,0.0,NORMAL
2026-09-07T11:11:06.987605,286,147,21,4.608173060346977,19.145143040867126,38,5,0.024067883750423635,NORMAL
2026-09-07T11:11:07.988692,318,168,12,1.4210011099072752,16.27992442671072,32,21,0.1712426936841898,NORMAL
2026-09-07T11:11:08.989489,348,191,14,7.163887566130281,6.494630742688519,30,23,0.11384842477093643,NORMAL
2026-09-07T11:11:09.990582,403,219,7,2.66482856573308,5.275945404492633,55,28,0.14337238966766028,NORMAL
2026-09-07T11:11:10.991461,439,238,31,2.625879067142857,16.113058053175664,36,19,0.22914198671287014,NORMAL
2026-09-07 11:11:11.040731,50.0,50.0,0.0,0.0,3950.0,18.4275,34.9795,0.0,0.0,0.0,0.0,1,0.0,NORMAL
2026-09-07T11:11:11.992665,466,250,15,5.813350452450972,18.34420754986533,27,12,0.12533710695349884,NORMAL
2026-09-07T11:11:12.993525,530,280,42,5.867136446152209,8.195369627601641,64,30,0.24350301137449246,NORMAL
2026-09-07T11:11:13.994556,608,291,49,1.5042542219344623,29.783520081738185,78,11,0.0518102456113251,NORMAL
2026-09-07T11:11:14.995746,704,306,33,6.634125005184617,25.752042567563347,96,15,0.14638899671866376,NORMAL
2026-09-07T11:11:15.997564,778,328,46,3.295660410949038,11.662163481004725,74,22,0.1057673701800489,NORMAL
2026-09-07 11:11:16.086116,50.0,50.0,0.0,0.0,3950.0,18.4275,34.9795,0.0,0.0,0.0,0.0,1,0.0,NORMAL
2026-09-07T11:11:16.998565,820,344,18,5.779702303078259,5.015267127667573,42,16,0.2056027507677305,NORMAL
2026-09-07T11:11:17.999192,853,361,33,5.439609592054062,8.316473687447058,33,17,0.08150463500140277,NORMAL
2026-09-07T11:11:19.000641,942,385,13,1.5753280011084718,28.422392342785525,89,24,0.27153516704284875,NORMAL
2026-09-07T11:11:20.001596,973,390,132,33.61666267686578,35.75683530733042,31,5,0.8880352133373677,ANOMALY
2026-09-07T11:11:21.002437,994,403,11,4.480953418958851,19.41316917802798,21,13,0.2407306687503928,NORMAL
2026-09-07 11:11:21.121817,50.0,50.0,0.0,0.0,3950.0,18.4275,34.9795,0.0,0.0,0.0,0.0,1,0.0,NORMAL
2026-09-07T11:11:22.004883,1051,421,11,4.139644287514101,25.63863400475889,57,18,0.10147104081532314,NORMAL
2026-09-07T11:11:23.008685,1115,445,34,1.5536782627782424,14.36100559667324,64,24,0.21934242875968493,NORMAL
2026-09-07T11:11:24.009403,1146,473,35,1.4349598987002448,6.522473745617534,31,28,0.012192852129835296,NORMAL
2026-09-07T11:11:25.010824,1187,479,40,6.15791819071664,22.80952731635191,41,6,0.09758964538613553,NORMAL
2026-09-07T11:11:26.012063,1278,487,22,2.8808471219006693,5.65154165768663,91,8,0.24279588300346674,NORMAL
2026-09-07 11:11:26.160293,50.0,50.0,0.0,0.0,3950.0,18.4275,34.9795,0.0,0.0,0.0,0.0,1,0.0,NORMAL
2026-09-07T11:11:27.012960,1339,512,12,7.828951203754154,15.748891882757919,61,25,0.13927327404759254,NORMAL
2026-09-07T11:11:28.014060,1407,528,5,7.787821009618908,7.11672306184939,68,16,0.02257672016838951,NORMAL
2026-09-07T11:11:29.017610,1476,544,20,2.9450923117844994,10.73834955915137,69,16,0.2954703952660642,NORMAL
2026-09-07T11:11:30.020755,1555,570,34,4.304955682796971,17.682419773478394,79,26,0.19872075058605476,NORMAL
2026-09-07T11:11:31.021555,1611,581,16,5.605602827446363,17.906814271024682,56,11,0.26034181239303505,NORMAL
2026-09-07 11:11:31.212351,50.0,50.0,0.0,0.0,3950.0,18.4275,34.9795,0.0,0.0,0.0,0.0,1,0.0,NORMAL
2026-09-07T11:11:32.022852,1657,598,40,46.33691866232946,49.75449499590347,46,17,0.9178091301305206,ANOMALY
2026-09-07T11:11:33.023721,1692,626,23,7.088197409921521,12.192794538543005,35,28,0.040764252823183585,NORMAL
2026-09-07T11:11:34.024518,1738,653,29,1.2046893668346437,27.259331846028523,46,27,0.10191916266523204,NORMAL
2026-09-07T11:11:35.026203,1760,673,23,2.8396451008972545,25.32734456435552,22,20,0.22821543772767725,NORMAL
2026-09-07T11:11:36.027224,1808,695,31,2.3383356695883903,14.549453883363764,48,22,0.2317424867889529,NORMAL
2026-09-07 11:11:36.249639,50.0,50.0,0.0,0.0,3950.0,18.4275,34.9795,0.0,0.0,0.0,0.0,1,0.0,NORMAL
2026-09-07T11:11:37.028279,1839,702,47,1.0460495119556596,27.127892001408107,31,7,0.12442014032287377,NORMAL
2026-09-07T11:11:38.029168,1903,728,46,2.612538961375037,24.10168228652741,64,26,0.13749599675463284,NORMAL
2026-09-07T11:11:39.030267,2003,738,30,2.7018469834407277,15.882217320653572,100,10,0.24067141109968226,NORMAL
2026-09-07T11:11:40.031149,2059,755,5,2.935052915950754,29.15917952158567,56,17,0.2246773302253967,NORMAL
2026-09-07T11:11:41.032255,2151,761,24,4.810872063145964,16.54941874225181,92,6,0.1260529712848452,NORMAL
2026-09-07 11:11:41.367499,50.0,50.0,0.0,0.0,3950.0,18.4275,34.9795,0.0,0.0,0.0,0.0,1,0.0,NORMAL
2026-09-07T11:11:42.033124,2241,773,22,6.94799978407779,9.029832086128216,90,12,0.2138459092364908,NORMAL
2026-09-07T11:11:43.033881,2317,801,5,5.357874479979926,14.923633261966197,76,28,0.20957617647946358,NORMAL
2026-09-07T11:11:44.035755,2385,807,10,1.2034898979955857,27.80842790310941,68,6,0.20606235391478317,NORMAL
2026-09-07T11:11:45.036513,2470,817,48,29.06699047331526,73.19794294141697,85,10,0.8108108774502398,ANOMALY
2026-09-07T11:11:46.037916,2539,835,245,58.33445250060271,56.48429058000154,69,18,0.8997798552224866,ANOMALY
2026-09-07 11:11:46.410900,50.0,50.0,0.0,0.0,3950.0,18.4275,34.9795,0.0,0.0,0.0,0.0,1,0.0,NORMAL
2026-09-07T11:11:47.038909,2600,861,18,2.146729179655025,29.567527134022246,61,26,0.01893472094237164,NORMAL
2026-09-07T11:11:48.039691,2659,875,50,6.234165759554041,19.930479120755876,59,14,0.03926543488939297,NORMAL
2026-09-07T11:11:49.040702,2727,893,42,1.8606584987753352,6.646726779315644,68,18,0.0026648824336670705,NORMAL
2026-09-07T11:11:50.042086,2787,923,44,6.312555024610889,23.108228302136567,60,30,0.2885421267605254,NORMAL
2026-09-07T11:11:51.042996,2869,936,34,7.836840159658454,8.242130366516129,82,13,0.06041395041593791,NORMAL
2026-09-07 11:11:51.462181,50.0,50.0,0.0,0.0,3950.0,18.4275,34.9795,0.0,0.0,0.0,0.0,1,0.0,NORMAL
2026-09-07T11:11:52.043534,2953,950,32,6.836603301677588,22.85919777546542,84,14,0.15223248527691036,NORMAL
2026-09-07T11:11:53.045059,3004,962,38,3.8207432506984205,28.444807854636156,51,12,0.08411841686426642,NORMAL
2026-09-07T11:11:54.046281,3045,969,32,5.897300442361859,18.01002279952686,41,7,0.13698199458411,NORMAL
2026-09-07T11:11:55.047325,3120,989,11,1.2239384931116308,28.4312622718785,75,20,0.25234951105482095,NORMAL
2026-09-07T11:11:56.048243,3145,999,24,4.565008720244248,19.31058883476424,25,10,0.008653866842759705,NORMAL
2026-09-07 11:11:56.502746,50.0,50.0,0.0,0.0,3950.0,18.4275,34.9795,0.0,0.0,0.0,0.0,1,0.0,NORMAL
2026-09-07T11:11:57.049802,3186,1018,31,4.421372821218305,22.38872660221495,41,19,0.25540331933888427,NORMAL
2026-09-07T11:11:58.051861,3243,1045,17,4.444343798843681,21.01105501071441,57,27,0.10626753543502584,NORMAL
2026-09-07T11:11:59.052700,3331,1062,26,5.763167538577284,23.50608939221513,88,17,0.06442016654291695,NORMAL
2026-09-07T11:12:00.053823,3391,1067,15,3.812847158512119,27.104908908127886,60,5,0.13971417605880346,NORMAL
2026-09-07T11:12:01.054735,3427,1081,30,3.9293770153503202,12.973576924667707,36,14,0.029653113002806195,NORMAL
2026-09-07 11:12:01.563117,50.0,50.0,0.0,0.0,3950.0,18.4275,34.9795,0.0,0.0,0.0,0.0,1,0.0,NORMAL
2026-09-07T11:12:02.055983,3524,1086,15,7.880808867145644,16.91234197839531,97,5,0.19307647999824623,NORMAL
2026-09-07T11:12:03.057448,3563,1101,33,3.9429644994968074,10.666470617924668,39,15,0.24630891781106531,NORMAL
2026-09-07T11:12:04.058509,3661,1129,7,4.841531155417053,23.4730799532394,98,28,0.09642508941218399,NORMAL
2026-09-07T11:12:05.059710,3712,1152,20,4.010605041639157,11.767135240000366,51,23,0.0326572430171642,NORMAL
2026-09-07T11:12:06.061828,3800,1168,32,2.9919548616257243,17.945772791060676,88,16,0.2090582336591645,NORMAL
2026-09-07 11:12:06.612390,50.0,50.0,0.0,0.0,3950.0,18.4275,34.9795,0.0,0.0,0.0,0.0,1,0.0,NORMAL
2026-09-07T11:12:07.063362,3823,1190,11,3.5681504599176685,18.09013639084003,23,22,0.01867223013138707,NORMAL
2026-09-07T11:12:08.064443,3861,1214,28,1.8606571029743157,26.19670188252611,38,24,0.2885979267373428,NORMAL
2026-09-07T11:12:09.065580,3944,1220,26,2.116220779676288,14.809099583682107,83,6,0.20292381886573357,NORMAL
2026-09-07T11:12:10.067185,4036,1250,12,4.103623873302233,26.128237922792117,92,30,0.12389425706104608,NORMAL
2026-09-07T11:12:11.068078,4126,1266,50,7.562185411534247,6.498016545571323,90,16,0.0986155248832741,NORMAL
2026-09-07 11:12:11.690870,50.0,50.0,0.0,0.0,3950.0,18.4275,34.9795,0.0,0.0,0.0,0.0,1,0.0,NORMAL
2026-09-07T11:12:12.069408,4160,1275,7,2.0756797804825124,5.200234228122112,34,9,0.27615315444842453,NORMAL
2026-09-07T11:12:13.071201,4211,1297,36,2.4668457039424876,18.171612390611358,51,22,0.09923385762676888,NORMAL
2026-09-07T11:12:14.072017,4297,1324,29,3.443040357426132,17.54149724043476,86,27,0.10300657956218492,NORMAL
2026-09-07T11:12:15.072733,4396,1332,30,4.297298750563412,24.884108985222646,99,8,0.18503047992445557,NORMAL
2026-09-07T11:12:16.074362,4458,1357,28,2.5390371546303174,6.326187915056526,62,25,0.04850695340019392,NORMAL
2026-09-07 11:12:16.731455,50.0,50.0,0.0,0.0,3950.0,18.4275,34.9795,0.0,0.0,0.0,0.0,1,0.0,NORMAL
2026-09-07T11:12:17.075064,4508,1372,26,1.7582206968349268,9.881687577429533,50,15,0.05203521120476474,NORMAL
2026-09-07T11:12:18.076142,4569,1393,90,35.65781450449529,56.99124805944163,61,21,0.8840289369938323,ANOMALY
2026-09-07T11:12:19.077489,4651,1398,17,5.7503798751129525,20.77671425733608,82,5,0.23045743196039936,NORMAL
2026-09-07T11:12:20.078816,4688,1413,49,2.4227475443517683,21.325176761113593,37,15,0.26467703502198053,NORMAL
2026-09-07T11:12:21.080209,4767,1419,5,6.253462118054782,9.54617483233067,79,6,0.2966338382570242,NORMAL
2026-09-07 11:12:21.771093,50.0,50.0,0.0,0.0,3950.0,18.4275,34.9795,0.0,0.0,0.0,0.0,1,0.0,NORMAL
2026-09-07T11:12:22.081725,4822,1444,34,3.9745935140355355,14.029130215443656,55,25,0.09874975335786236,NORMAL
2026-09-07T11:12:23.083139,4903,1459,27,5.992449458559987,19.057942587507704,81,15,0.007859677791313068,NORMAL
2026-09-07T11:12:24.084081,5002,1481,19,1.5416033247893033,28.789353826446693,99,22,0.19851808548626418,NORMAL
2026-09-07T11:12:25.084839,5091,1499,40,1.2855092544846987,8.255462130439868,89,18,0.2361228327186565,NORMAL
2026-09-07T11:12:26.085803,5117,1527,29,4.075734013374292,6.515028409343275,26,28,0.2342077065726184,NORMAL
2026-09-07 11:12:26.809185,50.0,50.0,0.0,0.0,3950.0,18.4275,34.9795,0.0,0.0,0.0,0.0,1,0.0,NORMAL
2026-09-07T11:12:27.087809,5202,1556,32,2.481773202629813,28.106411535759385,85,29,0.15410496025372059,NORMAL
2026-09-07T11:12:28.088750,5288,1571,35,4.3376930174305945,6.609412915100586,86,15,0.09592356110965995,NORMAL
2026-09-07T11:12:29.089688,5332,1578,39,1.6637698710298767,29.07330325311672,44,7,0.2918162998197059,NORMAL
2026-09-07T11:12:30.090637,5427,1598,49,3.426381164858593,26.523296489543895,95,20,0.14400438366551838,NORMAL
2026-09-07T11:12:31.091955,5498,1625,22,3.62277820582907,10.570298460814696,71,27,0.291586833031842,NORMAL
2026-09-07 11:12:31.908743,50.0,50.0,0.0,0.0,3950.0,18.4275,34.9795,0.0,0.0,0.0,0.0,1,0.0,NORMAL
2026-09-07T11:12:32.093983,5555,1655,6,5.512172216049876,14.92949202283013,57,30,0.1954489174246689,NORMAL
2026-09-07T11:12:33.095110,5597,1674,25,6.188473294344712,20.56790867363815,42,19,0.12813441017040697,NORMAL
2026-09-07T11:12:34.096114,5694,1685,5,2.288269582413558,14.2411815873915,97,11,0.1630550228330822,NORMAL
2026-09-07T11:12:35.097158,5730,1703,39,6.474953577684806,16.952848612216265,36,18,0.28892438783000923,NORMAL
2026-09-07T11:12:36.098256,5783,1723,5,3.075698072906815,21.125923201342903,53,20,0.20188873993503667,NORMAL
2026-09-07 11:12:36.945034,50.0,50.0,0.0,0.0,3950.0,18.4275,34.9795,0.0,0.0,0.0,0.0,1,0.0,NORMAL
2026-09-07T11:12:37.098955,5851,1747,34,3.419573643736018,20.586561211098633,68,24,0.08316335120849853,NORMAL
2026-09-07T11:12:38.099831,5944,1766,222,14.398792135890313,67.1028694787025,93,19,0.8880838783430293,ANOMALY
2026-09-07T11:12:39.100583,5995,1777,23,6.209542522164391,16.059633558808464,51,11,0.039878455276872726,NORMAL
2026-09-07T11:12:40.102738,6026,1797,28,6.775755003220508,13.163044037885872,31,20,0.15336513997039403,NORMAL
2026-09-07T11:12:41.104467,6106,1805,33,6.476112226518843,7.7989821645910435,80,8,0.2484141691802535,NORMAL
2026-09-07 11:12:42.029219,50.0,50.0,0.0,0.0,3950.0,18.4275,34.9795,0.0,0.0,0.0,0.0,1,0.0,NORMAL
2026-09-07T11:12:42.108169,6168,1826,30,6.238441910922535,5.359224631047214,62,21,0.17042182149094026,NORMAL
2026-09-07T11:12:43.112195,6200,1849,21,3.31005732437775,16.526340071975774,32,23,0.029953460736901083,NORMAL
2026-09-07T11:12:44.116140,6263,1877,10,5.1459937333673835,10.231339950870662,63,28,0.2722228362693134,NORMAL
2026-09-07T11:12:45.120272,6337,1902,49,6.084473126280738,21.204517084577276,74,25,0.025539934085000594,NORMAL
2026-09-07T11:12:46.126028,6407,1928,43,6.69376414030538,16.763342364006043,70,26,0.1010743705068684,NORMAL
2026-09-07T11:12:47.128622,6498,1936,47,2.1966227658116004,28.175169421967283,91,8,0.2737459257616339,NORMAL
2026-09-07 11:12:47.109511,50.0,50.0,0.0,0.0,3950.0,18.4275,34.9795,0.0,0.0,0.0,0.0,1,0.0,NORMAL
2026-09-07T11:12:48.132567,6586,1951,164,37.56423175720833,113.63142190195695,88,15,0.8716339423295986,ANOMALY
2026-09-07T11:12:49.136701,6670,1967,240,27.220206844528498,50.88604742089601,84,16,0.960517295179196,ANOMALY
2026-09-07T11:12:50.140310,6715,1977,30,6.819533995442016,25.21281915769432,45,10,0.04463164311148169,NORMAL
2026-09-07T11:12:51.142822,6781,1985,27,7.010573913734638,24.097004394751334,66,8,0.20081566824731165,NORMAL
2026-09-07T11:12:52.145274,6854,2013,29,3.947119973744592,22.606738732792714,73,28,0.1561396282185326,NORMAL
2026-09-07 11:12:52.342387,50.0,50.0,0.0,0.0,3950.0,18.4275,34.9795,0.0,0.0,0.0,0.0,1,0.0,NORMAL
2026-09-07T11:12:53.147911,6912,2033,25,6.682277483327247,28.667067046264012,58,20,0.016458772610903994,NORMAL
2026-09-07T11:12:54.150483,6980,2038,8,6.389402987758872,26.79487355039337,68,5,0.12527598815031057,NORMAL
2026-09-07T11:12:55.153893,7061,2065,19,7.704474231082941,29.297982913667475,81,27,0.13738796016964303,NORMAL
2026-09-07T11:12:56.155947,7119,2088,45,1.523898608740447,16.710796511734202,58,23,0.2627794748225623,NORMAL
2026-09-07T11:12:57.158941,7179,2106,17,1.2904449277176662,8.996433863288559,60,18,0.08001781798706477,NORMAL
2026-09-07 11:12:57.419797,50.0,50.0,0.0,0.0,3950.0,18.4275,34.9795,0.0,0.0,0.0,0.0,1,0.0,NORMAL
2026-09-07T11:12:58.160636,7203,2124,44,6.618732556213491,21.731891708308964,24,18,0.0690701492916332,NORMAL
2026-09-07T11:12:59.164883,7258,2153,45,2.8782411843836337,21.02129459056951,55,29,0.22028237409182655,NORMAL
2026-09-07T11:13:00.166420,7291,2164,32,4.200247506804488,9.647380818989177,33,11,0.017738436391196544,NORMAL
2026-09-07T11:13:01.168489,7345,2194,36,23.49672992278412,129.9256482064715,54,30,0.8698402949643183,ANOMALY
2026-09-07T11:13:02.171773,7431,2220,90,16.460926748946896,104.54322410763682,86,26,0.826047749483014,ANOMALY
2026-09-07 11:13:02.510986,50.0,50.0,0.0,0.0,3950.0,18.4275,34.9795,0.0,0.0,0.0,0.0,1,0.0,NORMAL
2026-09-07T11:13:03.173373,7529,2246,16,3.023806304139385,9.050209988889478,98,26,0.22865379840955347,NORMAL
2026-09-07T11:13:04.175154,7598,2269,13,3.240460603385421,23.491127216678716,69,23,0.05986493473242439,NORMAL
2026-09-07T11:13:05.177633,7662,2289,33,7.642893930476134,26.487994930822914,64,20,0.15039008201868911,NORMAL
2026-09-07T11:13:06.180076,7696,2296,31,4.3623476956061875,13.070029172205556,34,7,0.07040694298053943,NORMAL
2026-09-07T11:13:07.182596,7743,2310,19,4.781674074899638,20.230215429019303,47,14,0.13754489496167868,NORMAL
2026-09-07 11:13:07.604531,50.0,50.0,0.0,0.0,3950.0,18.4275,34.9795,0.0,0.0,0.0,0.0,1,0.0,NORMAL
2026-09-07T11:13:08.185678,7833,2318,43,7.290655681179349,10.428616007091772,90,8,0.19389770978539486,NORMAL
2026-09-07T11:13:09.187345,7922,2332,34,7.755143064048497,8.502885649880938,89,14,0.27476095768886294,NORMAL
2026-09-07T11:13:10.190191,7976,2362,45,5.931600302205491,10.999784159110316,54,30,0.10930849116588094,NORMAL
2026-09-07T11:13:11.193220,8009,2392,26,3.472008929348541,15.092491874434902,33,30,0.1459292709892262,NORMAL
2026-09-07T11:13:12.196311,8102,2405,39,1.3870604576930905,9.06295770956504,93,13,0.13068955001624785,NORMAL
2026-09-07 11:13:12.678389,50.0,50.0,0.0,0.0,3950.0,18.4275,34.9795,0.0,0.0,0.0,0.0,1,0.0,NORMAL
2026-09-07T11:13:13.197966,8167,2425,12,4.945209236630277,28.833454290710485,65,20,0.21269371377529084,NORMAL
2026-09-07T11:13:14.199728,8244,2430,45,6.664428762104733,9.84978269682215,77,5,0.206261347351352,NORMAL
2026-09-07T11:13:15.202658,8265,2448,96,43.47556543083918,65.93284519870318,21,18,0.8869223447335316,ANOMALY
2026-09-07T11:13:16.203916,8336,2455,35,6.21092406164675,5.93095603952307,71,7,0.15340757398721688,NORMAL
2026-09-07T11:13:17.205626,8434,2466,42,6.640797670691101,23.027253775387166,98,11,0.1015305489691185,NORMAL
2026-09-07 11:13:17.772836,50.0,50.0,0.0,0.0,3950.0,18.4275,34.9795,0.0,0.0,0.0,0.0,1,0.0,NORMAL
2026-09-07T11:13:18.206605,8499,2492,50,4.42258187550364,16.195745342704768,65,26,0.09691407684119509,NORMAL
2026-09-07T11:13:19.208051,8584,2507,39,4.8627072138838034,5.677063290055341,85,15,0.18498088522600928,NORMAL
2026-09-07T11:13:20.209389,8617,2522,36,3.4387945695358795,26.231785056274333,33,15,0.25886565106608334,NORMAL
2026-09-07T11:13:21.210076,8645,2536,15,4.731069840320406,11.296181890370416,28,14,0.0984727123431784,NORMAL
2026-09-07T11:13:22.211421,8708,2541,43,4.030436660178266,11.058327514165267,63,5,0.22790074163020055,NORMAL
2026-09-07 11:13:22.846519,50.0,50.0,0.0,0.0,3950.0,18.4275,34.9795,0.0,0.0,0.0,0.0,1,0.0,NORMAL
2026-09-07T11:13:23.212237,8757,2556,42,2.4529161213577333,11.432334443070701,49,15,0.2504659926475478,NORMAL
2026-09-07T11:13:24.212982,8809,2581,43,3.3455907486507592,11.45886764561887,52,25,0.1323754758640809,NORMAL
2026-09-07T11:13:25.213925,8867,2592,10,5.516436916121127,12.375816000071243,58,11,0.22404702559812642,NORMAL
2026-09-07T11:13:26.215017,8913,2615,14,4.670766422222909,25.663233796191285,46,23,0.031060958322860377,NORMAL
2026-09-07T11:13:27.215774,8998,2630,27,2.610707610260578,16.165144168636854,85,15,0.016455421975751394,NORMAL
2026-09-07 11:13:27.896023,50.0,50.0,0.0,0.0,3950.0,18.4275,34.9795,0.0,0.0,0.0,0.0,1,0.0,NORMAL
2026-09-07T11:13:28.216484,9047,2648,37,4.62930224490653,10.858138610776102,49,18,0.08023273359397873,NORMAL
2026-09-07T11:13:29.217455,9090,2671,14,2.925024821068625,5.398518624657296,43,23,0.28561443360575733,NORMAL
2026-09-07T11:13:30.218759,9111,2678,42,5.150082715721472,5.791550983492442,21,7,0.19310474216600826,NORMAL
2026-09-07T11:13:31.219895,9169,2688,21,13.895697556562746,143.44090919501463,58,10,0.9058565031756527,ANOMALY
2026-09-07T11:13:32.221367,9214,2712,8,1.1843726841874471,15.274604651434732,45,24,0.253611756273218,NORMAL
2026-09-07 11:13:32.947764,50.0,50.0,0.0,0.0,3950.0,18.4275,34.9795,0.0,0.0,0.0,0.0,1,0.0,NORMAL
2026-09-07T11:13:33.223297,9240,2722,104,38.82170240208383,31.081844168208274,26,10,0.981062155575885,ANOMALY
2026-09-07T11:13:34.225824,9296,2745,31,4.64466717315346,27.569465793194215,56,23,0.2408752745050016,NORMAL
2026-09-07T11:13:35.227071,9326,2775,36,6.591838492175944,9.278604340956385,30,30,0.09674123327322451,NORMAL
2026-09-07T11:13:36.227787,9425,2796,42,4.880732005507953,10.697014287175367,99,21,0.03297656234494958,NORMAL
2026-09-07T11:13:37.229082,9525,2823,32,1.0458901604355528,11.12036404612502,100,27,0.11262579186305688,NORMAL
2026-09-07 11:13:38.058706,50.0,50.0,0.0,0.0,3950.0,18.4275,34.9795,0.0,0.0,0.0,0.0,1,0.0,NORMAL
2026-09-07T11:13:38.229990,9549,2828,33,4.266875628572414,11.679233505080305,24,5,0.0996039654249744,NORMAL
2026-09-07T11:13:39.232144,9601,2839,13,1.2407999322963108,15.091035547664207,52,11,0.18118722524599853,NORMAL
2026-09-07T11:13:40.234019,9689,2849,17,7.639995932639288,20.90474452295018,88,10,0.11259201500264646,NORMAL
2026-09-07T11:13:41.235829,9759,2873,38,4.253580714110333,13.872280390444503,70,24,0.09585444871280308,NORMAL
2026-09-07T11:13:42.238653,9814,2878,40,5.970991186438379,6.921597108276171,55,5,0.021183875004430894,NORMAL
2026-09-07 11:13:43.133355,50.0,50.0,0.0,0.0,3950.0,18.4275,34.9795,0.0,0.0,0.0,0.0,1,0.0,NORMAL
2026-09-07T11:13:43.240390,9905,2890,9,2.3030161624189587,16.027742140806218,91,12,0.045376235507992614,NORMAL
2026-09-07T11:13:44.244918,9945,2919,6,2.831518435713133,11.814839200225329,40,29,0.03864338731045203,NORMAL
2026-09-07T11:13:45.246590,10029,2936,240,36.02269682847286,76.5416156941543,84,17,0.9464292895172712,ANOMALY
2026-09-07T11:13:46.253065,10095,2966,29,1.2829937063461814,7.207346477679803,66,30,0.2805411750076166,NORMAL
2026-09-07T11:13:47.257128,10173,2992,20,1.70493599293175,23.094299703406573,78,26,0.059660279200783616,NORMAL
2026-09-07T11:13:48.259923,10233,3019,48,27.91465815042487,105.3196342667254,60,27,0.8195752721610469,ANOMALY
2026-09-07 11:13:48.234763,50.0,50.0,0.0,0.0,3950.0,18.4275,34.9795,0.0,0.0,0.0,0.0,1,0.0,NORMAL
2026-09-07T11:13:49.261742,10272,3041,6,2.7439361887001206,29.197750982345916,39,22,0.18411642708302337,NORMAL
2026-09-07T11:13:50.262741,10330,3056,37,5.216321512221406,25.28742617031279,58,15,0.1917858502413077,NORMAL
2026-09-07T11:13:51.264314,10426,3067,148,16.082921525096282,140.82019885228456,96,11,0.9763162762818116,ANOMALY
2026-09-07T11:13:52.266443,10454,3085,38,5.942654641279144,28.990437390445454,28,18,0.07040023903872449,NORMAL
2026-09-07T11:13:53.268083,10496,3102,43,4.159929919094477,9.111109124065699,42,17,0.11208080369792423,NORMAL
2026-09-07 11:13:53.295425,50.0,50.0,0.0,0.0,3950.0,18.4275,34.9795,0.0,0.0,0.0,0.0,1,0.0,NORMAL
2026-09-07T11:13:54.269193,10565,3124,12,7.766616893363274,14.29257972417338,69,22,0.12441156922426672,NORMAL
2026-09-07T11:13:55.270117,10585,3147,21,2.0629727296600473,24.90039059768048,20,23,0.21960491227444354,NORMAL
2026-09-07T11:13:56.272088,10611,3158,222,8.7284488975455,116.0609006708681,26,11,0.8532305775012812,ANOMALY
2026-09-07T11:13:57.275028,10673,3163,40,2.8661072678855546,21.88270114550116,62,5,0.21770403258645635,NORMAL
2026-09-07T11:13:58.277986,10765,3168,47,1.979398519867458,21.699112102791585,92,5,0.15727455906041435,NORMAL
2026-09-07 11:13:58.347809,50.0,50.0,0.0,0.0,3950.0,18.4275,34.9795,0.0,0.0,0.0,0.0,1,0.0,NORMAL
2026-09-07T11:13:59.280341,10832,3193,26,3.213759907983939,28.52943998232565,67,25,0.29877872112119525,NORMAL
2026-09-07T11:14:00.283980,10917,3212,40,4.915090358279622,7.920709166293409,85,19,0.19771141905233156,NORMAL
2026-09-07T11:14:01.287510,11009,3226,37,5.702166220656837,27.49605950509493,92,14,0.13486397657236865,NORMAL
2026-09-07T11:14:02.289887,11077,3241,111,40.786780871054475,22.60327153191425,68,15,0.9148809073725019,ANOMALY
2026-09-07T11:14:03.292754,11098,3247,20,6.236684923986144,23.054534333023405,21,6,0.17559783304432666,NORMAL
2026-09-07 11:14:03.444121,50.0,50.0,0.0,0.0,3950.0,18.4275,34.9795,0.0,0.0,0.0,0.0,1,0.0,NORMAL
2026-09-07T11:14:04.294614,11172,3276,7,6.424729239960788,17.03381429649412,74,29,0.10436881420296773,NORMAL
2026-09-07T11:14:05.296928,11252,3293,11,4.061094406278588,7.282265108832817,80,17,0.14005495302334112,NORMAL
2026-09-07T11:14:06.300171,11323,3317,9,4.838889567408734,12.523940126796134,71,24,0.13161256920142875,NORMAL
2026-09-07T11:14:07.302406,11351,3336,41,1.0232216900060322,27.948168255520706,28,19,0.1336946229418798,NORMAL
2026-09-07T11:14:08.304888,11428,3355,31,4.203659798386121,23.443544673166095,77,19,0.2816303950386702,NORMAL
2026-09-07 11:14:08.513700,50.0,50.0,0.0,0.0,3950.0,18.4275,34.9795,0.0,0.0,0.0,0.0,1,0.0,NORMAL
2026-09-07T11:14:09.307609,11480,3373,28,4.577891847103539,8.410208824550454,52,18,0.01849817866079607,NORMAL
2026-09-07T11:14:10.309056,11576,3395,9,7.653330277633247,26.30802652728207,96,22,0.2211056933169208,NORMAL
2026-09-07T11:14:11.310035,11617,3417,8,2.2201414240708277,23.45072574186913,41,22,0.2784936246781993,NORMAL
2026-09-07T11:14:12.311684,11672,3423,5,5.889694784785485,27.53483590279791,55,6,0.12224193730147113,NORMAL
2026-09-07T11:14:13.312813,11747,3441,32,3.983445339468779,20.79797191844922,75,18,0.20507662979210114,NORMAL
2026-09-07 11:14:13.607262,50.0,50.0,0.0,0.0,3950.0,18.4275,34.9795,0.0,0.0,0.0,0.0,1,0.0,NORMAL
2026-09-07T11:14:14.313422,11834,3455,20,6.651523196745769,7.439470786319797,87,14,0.28703134700544625,NORMAL
2026-09-07T11:14:15.314775,11934,3471,228,24.40100764048218,110.6307835352891,100,16,0.8232801304705367,ANOMALY
2026-09-07T11:14:16.315754,11971,3501,47,4.3186050811303485,28.223987627913758,37,30,0.1631183148367222,NORMAL
2026-09-07T11:14:17.316596,12069,3525,5,7.266003363597906,16.434275172059074,98,24,0.08574088343186907,NORMAL
2026-09-07T11:14:18.318220,12139,3552,36,3.8870698420746503,23.51409753342539,70,27,0.23501309069169415,NORMAL
2026-09-07 11:14:18.655791,50.0,50.0,0.0,0.0,3950.0,18.4275,34.9795,0.0,0.0,0.0,0.0,1,0.0,NORMAL
2026-09-07T11:14:19.319140,12177,3573,40,4.359170183155817,21.14521273346523,38,21,0.027563470385389654,NORMAL
2026-09-07T11:14:20.320350,12214,3590,33,5.31529852383065,19.18486183641798,37,17,0.008663047121878497,NORMAL
2026-09-07T11:14:21.321256,12248,3617,32,3.779329395919982,26.986011380196864,34,27,0.2572228277514875,NORMAL
2026-09-07T11:14:22.322243,12286,3641,35,2.4127766364193084,19.293834966842194,38,24,0.2381071376982729,NORMAL
2026-09-07T11:14:23.323018,12355,3663,23,5.296658141629864,26.50799236181674,69,22,0.09770208047915376,NORMAL
2026-09-07 11:14:23.729911,50.0,50.0,0.0,0.0,3950.0,18.4275,34.9795,0.0,0.0,0.0,0.0,1,0.0,NORMAL
2026-09-07T11:14:24.323968,12440,3685,36,7.365621806063669,8.84953379101745,85,22,0.18300436454011035,NORMAL
2026-09-07T11:14:25.324663,12535,3712,48,4.27598573266689,28.417723924889412,95,27,0.23285459039752793,NORMAL
2026-09-07T11:14:26.325872,12587,3732,35,1.7360526425582408,26.974666950093123,52,20,0.029608076181385022,NORMAL
2026-09-07T11:14:27.326886,12678,3751,48,1.4817547568034115,14.292747685212237,91,19,0.03712139344152993,NORMAL
2026-09-07T11:14:28.327787,12776,3757,43,4.680114142279858,24.230522113537642,98,6,0.2994113272664855,NORMAL
2026-09-07 11:14:28.776578,50.0,50.0,0.0,0.0,3950.0,18.4275,34.9795,0.0,0.0,0.0,0.0,1,0.0,NORMAL
2026-09-07T11:14:29.328955,12801,3765,17,6.223295944424988,21.10185891662907,25,8,0.259309874083978,NORMAL
2026-09-07T11:14:30.329880,12874,3770,45,1.151755329346026,8.658221896275204,73,5,0.07701199445702381,NORMAL
2026-09-07T11:14:31.330889,12963,3778,14,7.144477278080939,17.56490170992929,89,8,0.188837091983314,NORMAL
2026-09-07T11:14:32.331726,13056,3799,50,7.685215656093526,28.250739317320708,93,21,0.07167772548632466,NORMAL
2026-09-07T11:14:33.335425,13098,3828,72,3.65219012971136,110.04942010590858,42,29,0.884968012002209,ANOMALY
2026-09-07 11:14:33.852233,50.0,50.0,0.0,0.0,3950.0,18.4275,34.9795,0.0,0.0,0.0,0.0,1,0.0,NORMAL
2026-09-07T11:14:34.338424,13155,3854,44,6.89408986821272,17.48928628250151,57,26,0.11011680086735663,NORMAL
2026-09-07T11:14:35.341309,13187,3863,28,7.328285224037523,27.783357362976474,32,9,0.27033430470279096,NORMAL
2026-09-07T11:14:36.345945,13261,3893,174,10.77353821863041,139.56301017434967,74,30,0.9375431034563876,ANOMALY
2026-09-07T11:14:37.347758,13314,3898,34,4.458543319554918,22.579211358666846,53,5,0.2554557949344052,NORMAL
2026-09-07T11:14:38.352185,13336,3903,45,7.580114716508389,16.362862034318702,22,5,0.03604731379109122,NORMAL
2026-09-07 11:14:38.925663,50.0,50.0,0.0,0.0,3950.0,18.4275,34.9795,0.0,0.0,0.0,0.0,1,0.0,NORMAL
2026-09-07T11:14:39.355265,13360,3931,17,1.5657695958006967,18.693259917713725,24,28,0.24862041261585155,NORMAL
2026-09-07T11:14:40.358593,13391,3959,15,5.421564918489816,9.799711792047443,31,28,0.05350816033247655,NORMAL
2026-09-07T11:14:41.361686,13419,3969,49,4.569885680225383,27.0990103051765,28,10,0.26469975045453203,NORMAL
2026-09-07T11:14:42.363710,13515,3981,28,5.854285767718243,12.255799165391045,96,12,0.1487790079275711,NORMAL
2026-09-07T11:14:43.367184,13542,4009,29,7.746004516369654,5.250564411088666,27,28,0.2136548411752671,NORMAL
2026-09-07 11:14:44.017818,50.0,50.0,0.0,0.0,3950.0,18.4275,34.9795,0.0,0.0,0.0,0.0,1,0.0,NORMAL
2026-09-07T11:14:44.372226,13604,4016,15,6.724047610346007,7.171067230278292,62,7,0.28434369909062124,NORMAL
2026-09-07T11:14:45.380008,13625,4027,21,4.900677719142537,16.748589838992167,21,11,0.24019743914348324,NORMAL
2026-09-07T11:14:46.384183,13720,4046,16,3.2854313039976395,10.73419850677664,95,19,0.24357764833804105,NORMAL
2026-09-07T11:14:47.386879,13767,4051,49,1.801195555061147,5.793161014457031,47,5,0.2891764513806774,NORMAL
2026-09-07T11:14:48.389052,13805,4073,22,5.468880559276939,20.31639029068627,38,22,0.04041523819598871,NORMAL
2026-09-07 11:14:49.121805,50.0,50.0,0.0,0.0,3950.0,18.4275,34.9795,0.0,0.0,0.0,0.0,1,0.0,NORMAL
2026-09-07T11:14:49.391968,13845,4080,12,6.444778558083263,13.079375251606539,40,7,0.27080234996972996,NORMAL
2026-09-07T11:14:50.395348,13885,4106,264,18.33576003319024,48.626729794450505,40,26,0.9627960695604335,ANOMALY
2026-09-07T11:14:51.399757,13956,4126,22,3.2646955799310327,19.138973485392647,71,20,0.12701586035675277,NORMAL
2026-09-07T11:14:52.406860,13988,4138,23,6.46870310514079,19.928254573628188,32,12,0.11253627947128725,NORMAL
2026-09-07T11:14:53.409587,14040,4159,45,3.4751196787840737,5.395853213916148,52,21,0.2660913553809729,NORMAL
2026-09-07 11:14:54.220863,50.0,50.0,0.0,0.0,3950.0,18.4275,34.9795,0.0,0.0,0.0,0.0,1,0.0,NORMAL
2026-09-07T11:14:54.414568,14119,4178,18,6.8471577116277045,14.446268422626094,79,19,0.11236471082059765,NORMAL
2026-09-07T11:14:55.418054,14144,4186,23,4.699856087502818,14.60206533408002,25,8,0.21333667442577267,NORMAL
2026-09-07T11:14:56.422267,14181,4191,25,5.1269419059113455,26.072089737397835,37,5,0.14609525189532294,NORMAL
2026-09-07T11:14:57.425789,14231,4219,26,2.2419598404084295,26.09281038680064,50,28,0.1160003329161772,NORMAL
2026-09-07T11:14:58.428881,14282,4235,19,4.187662909080766,28.391187262711412,51,16,0.20043349960976717,NORMAL
2026-09-07T11:14:59.432912,14356,4257,21,5.230263913471042,25.749440869028486,74,22,0.2483190609873617,NORMAL
2026-09-07 11:14:59.352913,50.0,50.0,0.0,0.0,3950.0,18.4275,34.9795,0.0,0.0,0.0,0.0,1,0.0,NORMAL
2026-09-07T11:15:00.437644,14387,4264,21,1.0332980593147945,26.236335270275898,31,7,0.148950066215355,NORMAL
2026-09-07T11:15:01.440143,14472,4281,210,28.561257029730456,51.2351007446425,85,17,0.9209304439299214,ANOMALY
2026-09-07T11:15:02.443485,14561,4300,25,6.170229223067044,22.750952457570925,89,19,0.1978735837867391,NORMAL
2026-09-07T11:15:03.449216,14656,4326,32,6.810673134244759,9.733949609509072,95,26,0.14076727724629798,NORMAL
2026-09-07T11:15:04.450598,14681,4344,12,7.320101687665895,26.210579376687,25,18,0.19020418460599597,NORMAL
2026-09-07 11:15:04.447933,50.0,50.0,0.0,0.0,3950.0,18.4275,34.9795,0.0,0.0,0.0,0.0,1,0.0,NORMAL
2026-09-07T11:15:05.453792,14705,4361,42,7.058638957447014,16.1706741554921,24,17,0.23132870080096488,NORMAL
2026-09-07T11:15:06.458399,14778,4366,22,2.8326352331552265,8.701624851028843,73,5,0.19180536243530835,NORMAL
2026-09-07T11:15:07.462444,14815,4375,49,6.990558134059977,25.65062512679911,37,9,0.03788152043039911,NORMAL
2026-09-07T11:15:08.464404,14913,4393,49,7.4375411305854975,9.053402712198062,98,18,0.06656291200601679,NORMAL
2026-09-07T11:15:09.466482,14974,4407,44,5.024020260848949,26.33516761436645,61,14,0.10156487875335264,NORMAL
2026-09-07 11:15:09.538154,50.0,50.0,0.0,0.0,3950.0,18.4275,34.9795,0.0,0.0,0.0,0.0,1,0.0,NORMAL
2026-09-07T11:15:10.468525,15058,4420,27,5.864030926666275,29.77089511452361,84,13,0.06628856419709755,NORMAL
2026-09-07T11:15:11.470048,15109,4440,30,6.068523958538112,25.30913487553055,51,20,0.04786014280896621,NORMAL
2026-09-07T11:15:12.475528,15173,4453,22,2.1683328439711387,16.206526571889125,64,13,0.0668088260194812,NORMAL
2026-09-07T11:15:13.477418,15212,4477,28,2.7610702900664124,7.660656419764959,39,24,0.26018634782132777,NORMAL
2026-09-07T11:15:14.480404,15235,4485,50,3.2801374689654392,22.641147760395267,23,8,0.18923393369626607,NORMAL
2026-09-07 11:15:14.616730,50.0,50.0,0.0,0.0,3950.0,18.4275,34.9795,0.0,0.0,0.0,0.0,1,0.0,NORMAL
2026-09-07T11:15:15.484336,15307,4490,13,2.7221958269694673,27.245896897896102,72,5,0.2762412650408237,NORMAL
2026-09-07T11:15:16.485781,15364,4505,42,1.28374260246284,10.903692740447116,57,15,0.06605719832275901,NORMAL
2026-09-07T11:15:17.489075,15415,4511,24,4.745542457687526,13.197277449100692,51,6,0.05872150157215478,NORMAL
2026-09-07T11:15:18.491880,15459,4520,27,4.149436407689588,22.73000451962599,44,9,0.06853825254612074,NORMAL
2026-09-07T11:15:19.496728,15503,4530,8,1.282279258941284,22.75113577494644,44,10,0.03145132910404179,NORMAL
2026-09-07 11:15:19.720297,50.0,50.0,0.0,0.0,3950.0,18.4275,34.9795,0.0,0.0,0.0,0.0,1,0.0,NORMAL
2026-09-07T11:15:20.503963,15570,4553,23,4.222169716138776,10.286275731707853,67,23,0.005734436006224919,NORMAL
2026-09-07T11:15:21.507008,15649,4564,50,3.346797151959187,8.35122615945263,79,11,0.1919533216854537,NORMAL
2026-09-07T11:15:22.509738,15670,4585,24,5.337798271188647,27.65494464523412,21,21,0.09891624409443057,NORMAL
2026-09-07T11:15:23.512636,15764,4610,22,6.8346349358333445,6.536151381818374,94,25,0.2957470439162595,NORMAL
2026-09-07T11:15:24.513838,15811,4626,35,5.5152819048657715,27.6058658670455,47,16,0.06883834884537245,NORMAL
2026-09-07 11:15:24.859924,50.0,50.0,0.0,0.0,3950.0,18.4275,34.9795,0.0,0.0,0.0,0.0,1,0.0,NORMAL
2026-09-07T11:15:25.516417,15884,4656,13,3.996094000648833,17.263971849074032,73,30,0.18011442805542546,NORMAL
2026-09-07T11:15:26.518857,15968,4670,23,2.9635468256423705,16.971978732400224,84,14,0.2503185857268351,NORMAL
2026-09-07T11:15:27.524811,15992,4686,20,3.2431685164281117,12.207551302770188,24,16,0.17298426997166738,NORMAL
2026-09-07T11:15:28.527179,16024,4702,9,7.4090116421692,29.661717372223684,32,16,0.2862026700551632,NORMAL
2026-09-07T11:15:29.529085,16045,4714,33,2.0361993207760816,26.91959797813507,21,12,0.22939890043344613,NORMAL
2026-09-07 11:15:29.925172,50.0,50.0,0.0,0.0,3950.0,18.4275,34.9795,0.0,0.0,0.0,0.0,1,0.0,NORMAL
2026-09-07T11:15:30.534903,16094,4733,38,1.8567362058337222,15.560781748462855,49,19,0.01648557516768896,NORMAL
2026-09-07T11:15:31.537940,16134,4754,45,7.120155682279859,26.09811736842983,40,21,0.10340325888416149,NORMAL
2026-09-07T11:15:32.542655,16228,4780,32,1.7907562526048832,11.475815428629865,94,26,0.08696313319072128,NORMAL
2026-09-07T11:15:33.543490,16303,4788,6,1.4740586534392142,11.42908792177477,75,8,0.19952090934677835,NORMAL
2026-09-07T11:15:34.544254,16327,4813,11,6.929012432182994,18.702871029683415,24,25,0.14565825822783865,NORMAL
2026-09-07 11:15:35.003615,50.0,50.0,0.0,0.0,3950.0,18.4275,34.9795,0.0,0.0,0.0,0.0,1,0.0,NORMAL
2026-09-07T11:15:35.545898,16389,4830,23,2.0053704600485163,28.747451977753816,62,17,0.005454131911562998,NORMAL
2026-09-07T11:15:36.547537,16427,4856,21,7.001864031380764,7.941510700037026,38,26,0.24045115844012344,NORMAL
2026-09-07T11:15:37.548577,16523,4867,40,7.173336527093759,18.6968876937287,96,11,0.11647025436103206,NORMAL
2026-09-07T11:15:38.550391,16594,4895,21,6.077482013054329,19.82394043330907,71,28,0.19894687681553366,NORMAL
2026-09-07T11:15:39.551846,16614,4925,50,6.542493019881337,17.510467990796634,20,30,0.03863717214063563,NORMAL
2026-09-07 11:15:40.058020,50.0,50.0,0.0,0.0,3950.0,18.4275,34.9795,0.0,0.0,0.0,0.0,1,0.0,NORMAL
2026-09-07T11:15:40.552999,16705,4955,29,3.9465407386048907,11.395991352703481,91,30,0.03154395547205122,NORMAL
2026-09-07T11:15:41.553981,16772,4983,26,2.0614847033152754,9.701637257109844,67,28,0.12346080055230724,NORMAL
2026-09-07T11:15:42.554878,16803,5007,5,3.3641463722100453,29.104031481616737,31,24,0.06847776791382312,NORMAL
2026-09-07T11:15:43.555669,16882,5014,13,7.417681322840496,14.494937053247964,79,7,0.008824400242098851,NORMAL
2026-09-07T11:15:44.557231,16952,5033,20,5.12477032550506,28.303424744400033,70,19,0.22447010966664133,NORMAL
2026-09-07 11:15:45.137099,50.0,50.0,0.0,0.0,3950.0,18.4275,34.9795,0.0,0.0,0.0,0.0,1,0.0,NORMAL
2026-09-07T11:15:45.558444,16975,5047,48,7.68098848953544,14.680318264530086,23,14,0.2647648874524582,NORMAL
2026-09-07T11:15:46.559952,17034,5064,24,2.6455561451397096,10.024784971159013,59,17,0.05205655646776044,NORMAL
2026-09-07T11:15:47.561103,17110,5075,13,1.9201779766541025,22.550548810475224,76,11,0.22741318831516139,NORMAL
2026-09-07T11:15:48.562236,17153,5096,5,4.854267857566308,13.265752874855146,43,21,0.15479133818862348,NORMAL
2026-09-07T11:15:49.563108,17176,5107,32,2.7580134587103147,26.862591615419923,23,11,0.21912229995276253,NORMAL
2026-09-07 11:15:50.192743,50.0,50.0,0.0,0.0,3950.0,18.4275,34.9795,0.0,0.0,0.0,0.0,1,0.0,NORMAL
2026-09-07T11:15:50.565381,17209,5125,56,12.096847883932904,27.455178068338753,33,18,0.8261482616890806,ANOMALY
2026-09-07T11:15:51.566775,17262,5153,50,6.736882150927737,14.369343615635431,53,28,0.019401886193211548,NORMAL
2026-09-07T11:15:52.567648,17320,5181,18,5.8910741955581045,27.90100169200463,58,28,0.16098088309194256,NORMAL
2026-09-07T11:15:53.569003,17393,5210,15,1.2392133629006383,26.894460819028755,73,29,0.0775668107599831,NORMAL
2026-09-07T11:15:54.569905,17414,5234,39,6.771460406913419,12.672590310744095,21,24,0.2027545933839089,NORMAL
2026-09-07 11:15:55.240393,50.0,50.0,0.0,0.0,3950.0,18.4275,34.9795,0.0,0.0,0.0,0.0,1,0.0,NORMAL
2026-09-07T11:15:55.571114,17480,5258,144,17.478378085158667,87.402766544323,66,24,0.8364698023511781,ANOMALY
2026-09-07T11:15:56.572347,17521,5274,225,13.3883719967256,91.50882092071473,41,16,0.8154741501588635,ANOMALY
2026-09-07T11:15:57.573364,17594,5282,37,6.315776229826565,28.526280161310137,73,8,0.021799351085117002,NORMAL
2026-09-07T11:15:58.574376,17628,5307,36,6.042298425721453,18.68743899548365,34,25,0.21916629477959151,NORMAL
2026-09-07T11:15:59.579559,17727,5334,16,6.740101579915517,16.980084009640684,99,27,0.04992933772040037,NORMAL
2026-09-07 11:16:00.306051,50.0,50.0,0.0,0.0,3950.0,18.4275,34.9795,0.0,0.0,0.0,0.0,1,0.0,NORMAL
2026-09-07T11:16:00.583968,17789,5354,25,7.869983408636227,19.86415691750478,62,20,0.10258347811517153,NORMAL
2026-09-07T11:16:01.586301,17817,5362,12,1.1325609964091496,25.730177717544414,28,8,0.04977006371892871,NORMAL
2026-09-07T11:16:02.588487,17905,5388,23,7.64541268592943,22.941098189682414,88,26,0.0740717279132629,NORMAL
2026-09-07T11:16:03.591843,17932,5410,13,7.648787670265894,8.290593624544785,27,22,0.14286032169909776,NORMAL
2026-09-07T11:16:04.597182,18021,5438,10,7.66253603960896,18.812213778586568,89,28,0.20549645984384599,NORMAL
2026-09-07 11:16:05.377556,50.0,50.0,0.0,0.0,3950.0,18.4275,34.9795,0.0,0.0,0.0,0.0,1,0.0,NORMAL
2026-09-07T11:16:05.603771,18099,5458,5,2.082088945455955,28.724453992407955,78,20,0.2821768922304718,NORMAL
2026-09-07T11:16:06.605120,18170,5465,49,7.104044220183437,13.708547328091425,71,7,0.21609189734804177,NORMAL
2026-09-07T11:16:07.606170,18264,5478,30,1.363051044441772,24.7536243048247,94,13,0.17836579169624547,NORMAL
2026-09-07T11:16:08.607166,18313,5498,46,3.272211104751909,7.686636334229911,49,20,0.21347555218869183,NORMAL
2026-09-07T11:16:09.608258,18387,5520,36,2.1518216745880667,8.941771895061299,74,22,0.01584542183268244,NORMAL
2026-09-07 11:16:10.483327,50.0,50.0,0.0,0.0,3950.0,18.4275,34.9795,0.0,0.0,0.0,0.0,1,0.0,NORMAL
2026-09-07T11:16:10.609624,18407,5529,200,26.85690589212831,112.30315298994682,20,9,0.9710391251069174,ANOMALY
2026-09-07T11:16:11.610654,18475,5544,60,24.684531099549645,67.1561276813231,68,15,0.8025635444686541,ANOMALY
2026-09-07T11:16:12.612264,18508,5554,24,6.475607064670931,7.815811028006221,33,10,0.11466437310629934,NORMAL
2026-09-07T11:16:13.614818,18544,5576,34,4.737932199256057,24.48811979105791,36,22,0.12352996088886285,NORMAL
2026-09-07T11:16:14.617281,18644,5581,22,6.618516781337702,21.663402510130698,100,5,0.2622988356081069,NORMAL
2026-09-07T11:16:15.619564,18679,5601,31,4.657085384695298,8.5241126312028,35,20,0.07357116992802648,NORMAL
2026-09-07 11:16:15.554347,50.0,50.0,0.0,0.0,3950.0,18.4275,34.9795,0.0,0.0,0.0,0.0,1,0.0,NORMAL
2026-09-07T11:16:16.622460,18726,5616,14,4.231275916440284,25.606283268168017,47,15,0.19072976490822666,NORMAL
2026-09-07T11:16:17.624845,18779,5641,47,2.3870985659944637,8.567633724386884,53,25,0.2685156965883671,NORMAL
2026-09-07T11:16:18.627261,18836,5660,9,2.4189948636320047,13.803124726289402,57,19,0.2723773784767926,NORMAL
2026-09-07T11:16:19.630101,18910,5668,23,2.541503462127832,14.608682101158273,74,8,0.22405162974245063,NORMAL
2026-09-07T11:16:20.634073,19001,5685,36,5.464564441538499,22.924262887922502,91,17,0.28230403357243816,NORMAL
2026-09-07 11:16:20.647885,50.0,50.0,0.0,0.0,3950.0,18.4275,34.9795,0.0,0.0,0.0,0.0,1,0.0,NORMAL
2026-09-07T11:16:21.636262,19070,5700,29,7.072172311698274,29.23874206029,69,15,0.12318277783655653,NORMAL
2026-09-07T11:16:22.638361,19158,5711,36,6.415115015471068,17.632481166992854,88,11,0.12310227341957329,NORMAL
2026-09-07T11:16:23.642058,19244,5736,32,7.794980396173814,9.510019463109696,86,25,0.2608442647729121,NORMAL
2026-09-07T11:16:24.644885,19298,5757,22,4.20401909295928,5.19446174116034,54,21,0.11248603233677583,NORMAL
2026-09-07T11:16:25.647833,19357,5781,14,4.752027275878421,16.396129357680927,59,24,0.17322038713181317,NORMAL
2026-09-07 11:16:25.721602,50.0,50.0,0.0,0.0,3950.0,18.4275,34.9795,0.0,0.0,0.0,0.0,1,0.0,NORMAL
2026-09-07T11:16:26.651617,19383,5789,22,2.458439644486524,28.118625676389826,26,8,0.03571455212219602,NORMAL
2026-09-07T11:16:27.655574,19417,5805,42,3.815666014590686,7.3275041039436175,34,16,0.07477126745178211,NORMAL
2026-09-07T11:16:28.657429,19455,5835,28,7.047233098868655,10.61141547847457,38,30,0.15597529346738853,NORMAL
2026-09-07T11:16:29.658513,19492,5852,9,2.0537725215260894,6.77185931002691,37,17,0.044990425533533086,NORMAL
2026-09-07T11:16:30.660214,19522,5874,30,5.539232163711152,25.128177063028364,30,22,0.21003507740235,NORMAL
2026-09-07 11:16:30.799038,50.0,50.0,0.0,0.0,3950.0,18.4275,34.9795,0.0,0.0,0.0,0.0,1,0.0,NORMAL
2026-09-07T11:16:31.662273,19566,5885,25,5.355053587880861,20.620135165618045,44,11,0.20613511092690442,NORMAL
2026-09-07T11:16:32.664699,19603,5905,24,6.1616680860557365,25.166334322294055,37,20,0.18006052360144595,NORMAL
2026-09-07T11:16:33.667186,19626,5913,31,7.686616366519169,5.153182893732756,23,8,0.25312677203384204,NORMAL
2026-09-07T11:16:34.669957,19675,5932,8,2.2333746226465574,29.106189933858236,49,19,0.1521681399388962,NORMAL
2026-09-07T11:16:35.671897,19774,5940,29,7.38085977478944,16.14831447367125,99,8,0.2395456506940571,NORMAL
2026-09-07 11:16:35.867920,50.0,50.0,0.0,0.0,3950.0,18.4275,34.9795,0.0,0.0,0.0,0.0,1,0.0,NORMAL
2026-09-07T11:16:36.676549,19832,5964,20,4.2476749103804545,10.48307698410268,58,24,0.2021789762652247,NORMAL
2026-09-07T11:16:37.679995,19885,5994,22,5.224898300231208,10.65078841842194,53,30,0.26028151366969005,NORMAL
2026-09-07T11:16:38.680860,19936,6011,28,3.5447942250715156,5.529005045643219,51,17,0.029336809927938023,NORMAL
2026-09-07T11:16:39.682243,19972,6037,47,5.249081825781401,5.943063318206116,36,26,0.22038058631306998,NORMAL
2026-09-07T11:16:40.684894,20002,6059,24,7.586151194551919,19.580274591975225,30,22,0.18731484912367075,NORMAL
2026-09-07 11:16:40.947879,50.0,50.0,0.0,0.0,3950.0,18.4275,34.9795,0.0,0.0,0.0,0.0,1,0.0,NORMAL
2026-09-07T11:16:41.686253,20092,6069,6,6.818673697992996,7.110443645443485,90,10,0.283510645325952,NORMAL
2026-09-07T11:16:42.688295,20162,6085,5,7.201966540878667,18.24556020811116,70,16,0.08745259205593782,NORMAL
2026-09-07T11:16:43.689034,20250,6091,7,4.0330030872846425,12.598783666847183,88,6,0.18485806935053176,NORMAL
2026-09-07T11:16:44.690323,20276,6120,24,2.596117623001101,22.34942402384723,26,29,0.21001235693448625,NORMAL
2026-09-07T11:16:45.691970,20300,6135,36,7.014409395977578,12.180592573436332,24,15,0.20349586663037492,NORMAL
2026-09-07 11:16:46.034988,50.0,50.0,0.0,0.0,3950.0,18.4275,34.9795,0.0,0.0,0.0,0.0,1,0.0,NORMAL
2026-09-07T11:16:46.695457,20389,6150,6,4.167119850641159,19.164517742593127,89,15,0.26150975768756946,NORMAL
2026-09-07T11:16:47.703707,20430,6163,47,2.669121273685323,16.430504593880656,41,13,0.19662190372632493,NORMAL
2026-09-07T11:16:48.705312,20495,6176,5,2.8800944311590144,10.690385064087161,65,13,0.05428430095443828,NORMAL
2026-09-07T11:16:49.707580,20551,6193,16,6.22312997756824,16.878053350607324,56,17,0.019922345994909274,NORMAL
2026-09-07T11:16:50.710100,20595,6198,42,7.869571287932615,17.618676638634774,44,5,0.2667096956977995,NORMAL
2026-09-07 11:16:51.138695,50.0,50.0,0.0,0.0,3950.0,18.4275,34.9795,0.0,0.0,0.0,0.0,1,0.0,NORMAL
2026-09-07T11:16:51.722361,20633,6228,8,6.245833523398052,20.952844200373917,38,30,0.21449172825896776,NORMAL
2026-09-07T11:16:52.727015,20671,6255,15,1.4859488064324617,26.452182534126283,38,27,0.13936881446768876,NORMAL
2026-09-07T11:16:53.731933,20765,6277,30,1.7337320908812082,12.741163238713577,94,22,0.06590694006944739,NORMAL
2026-09-07T11:16:54.736999,20796,6298,60,29.44814142722125,135.89603921098825,31,21,0.9118842219014119,ANOMALY
2026-09-07T11:16:55.739119,20846,6324,15,5.680993981856243,16.714244800385842,50,26,0.1508165921905746,NORMAL
2026-09-07 11:16:56.199722,50.0,50.0,0.0,0.0,3950.0,18.4275,34.9795,0.0,0.0,0.0,0.0,1,0.0,NORMAL
2026-09-07T11:16:56.741496,20867,6335,31,6.509708448741786,17.050161961268447,21,11,0.2457954266891959,NORMAL
2026-09-07T11:16:57.747027,20927,6355,7,3.1416530458991523,18.708325830919858,60,20,0.06402335553886941,NORMAL
2026-09-07T11:16:58.749265,20988,6370,43,6.677135284940106,19.21798984648092,61,15,0.09648477094338795,NORMAL
2026-09-07T11:16:59.751802,21084,6400,47,7.778895012306017,20.834794721991944,96,30,0.13377592032355676,NORMAL
2026-09-07T11:17:00.761445,21182,6411,32,5.347884440619448,20.65063364495603,98,11,0.13418069585212083,NORMAL
2026-09-07 11:17:01.255158,50.0,50.0,0.0,0.0,3950.0,18.4275,34.9795,0.0,0.0,0.0,0.0,1,0.0,NORMAL
2026-09-07T11:17:01.763603,21244,6431,41,6.545817276275682,27.99737428783194,62,20,0.2404150891457378,NORMAL
2026-09-07T11:17:02.771868,21272,6439,18,1.6341380106810224,27.683368070545004,28,8,0.034582506406821645,NORMAL
2026-09-07T11:17:03.775310,21342,6446,21,6.759589044616792,9.801760880410207,70,7,0.0570149333719906,NORMAL
2026-09-07T11:17:04.776901,21406,6459,110,37.297560060744736,28.792612051139134,64,13,0.8193765231720384,ANOMALY
2026-09-07T11:17:05.781219,21448,6471,6,5.216361814333521,21.270061737992698,42,12,0.14883153936335938,NORMAL
2026-09-07 11:17:06.326656,50.0,50.0,0.0,0.0,3950.0,18.4275,34.9795,0.0,0.0,0.0,0.0,1,0.0,NORMAL
2026-09-07T11:17:06.793061,21470,6496,13,1.3778041256572613,29.120196479425445,22,25,0.050148247174163496,NORMAL
2026-09-07T11:17:07.798080,21555,6513,8,2.980053473532724,18.79607432986518,85,17,0.028758069205507407,NORMAL
2026-09-07T11:17:08.800646,21638,6519,23,1.1560388863876507,16.018260346192235,83,6,0.051068430943968436,NORMAL
2026-09-07T11:17:09.803886,21715,6534,23,6.098787245891768,5.320210031128765,77,15,0.08124582067181035,NORMAL
2026-09-07T11:17:10.806506,21780,6546,5,6.306423395678797,7.878041144279825,65,12,0.12720887347496537,NORMAL
2026-09-07 11:17:11.435741,50.0,50.0,0.0,0.0,3950.0,18.4275,34.9795,0.0,0.0,0.0,0.0,1,0.0,NORMAL
2026-09-07T11:17:11.808212,21811,6562,36,53.68628071503814,124.00913529135711,31,16,0.83157289941772,ANOMALY
2026-09-07T11:17:12.809333,21858,6573,40,3.4291127078784704,25.440529396340946,47,11,0.18048318076296724,NORMAL
2026-09-07T11:17:13.810114,21926,6583,46,4.952648851559077,9.943564404311083,68,10,0.20222202574370612,NORMAL
2026-09-07T11:17:14.811098,22001,6608,42,7.973731566229452,24.13462926567597,75,25,0.11518418209819012,NORMAL
2026-09-07T11:17:15.812107,22027,6621,37,3.4563553699352214,17.107736143492836,26,13,0.2175484696842359,NORMAL
2026-09-07 11:17:16.495651,50.0,50.0,0.0,0.0,3950.0,18.4275,34.9795,0.0,0.0,0.0,0.0,1,0.0,NORMAL
2026-09-07T11:17:16.813165,22091,6628,43,4.840941048079156,5.047655974715571,64,7,0.11957833877158253,NORMAL
2026-09-07T11:17:17.814273,22125,6637,21,1.6399962194900048,26.435491033893104,34,9,0.23610312218306478,NORMAL
2026-09-07T11:17:18.815197,22215,6657,30,6.479403671802255,9.179213257000661,90,20,0.15216938699078653,NORMAL
2026-09-07T11:17:19.816159,22264,6678,6,7.792378041363295,16.66268460452278,49,21,0.16449826876403967,NORMAL
2026-09-07T11:17:20.817107,22330,6691,31,4.3640784610761205,5.260278330042257,66,13,0.05885411239865089,NORMAL
2026-09-07 11:17:21.539993,50.0,50.0,0.0,0.0,3950.0,18.4275,34.9795,0.0,0.0,0.0,0.0,1,0.0,NORMAL
2026-09-07T11:17:21.818965,22353,6711,22,6.51961650498092,12.910297932199253,23,20,0.2802098277983477,NORMAL
2026-09-07T11:17:22.820430,22442,6725,7,1.613832544012732,6.568180358865776,89,14,0.20590196859729382,NORMAL
2026-09-07T11:17:23.830872,22496,6740,13,3.3262953747194164,25.569222978266403,54,15,0.11600917011613958,NORMAL
2026-09-07T11:17:24.834629,22588,6747,84,15.968769909101566,26.80921527787286,92,7,0.8048675170475722,ANOMALY
2026-09-07T11:17:25.836443,22638,6772,45,2.4964137653298737,24.06685585318985,50,25,0.0593713080495456,NORMAL
2026-09-07 11:17:26.630934,50.0,50.0,0.0,0.0,3950.0,18.4275,34.9795,0.0,0.0,0.0,0.0,1,0.0,NORMAL
2026-09-07T11:17:26.839472,22699,6791,19,7.157412179593788,14.099384626187716,61,19,0.045147808683861076,NORMAL
2026-09-07T11:17:27.841734,22731,6820,25,1.2158018511228625,17.286290752831185,32,29,0.28085544337881996,NORMAL
2026-09-07T11:17:28.846339,22790,6839,110,26.019417308099527,124.22592085405347,59,19,0.9892374683979521,ANOMALY
2026-09-07T11:17:29.850867,22885,6847,13,4.02420162544209,9.896035821486727,95,8,0.03497706479349533,NORMAL
2026-09-07T11:17:30.853917,22978,6852,29,1.1808259922013482,5.382369317534306,93,5,0.27736795316506063,NORMAL
2026-09-07 11:17:31.732848,50.0,50.0,0.0,0.0,3950.0,18.4275,34.9795,0.0,0.0,0.0,0.0,1,0.0,NORMAL
2026-09-07T11:17:31.855926,23046,6857,28,7.685173162526717,27.81420568349723,68,5,0.14460688496408766,NORMAL
2026-09-07T11:17:32.857913,23086,6862,17,5.17959697384138,25.960672236637574,40,5,0.20851547007276955,NORMAL
2026-09-07T11:17:33.859631,23146,6867,19,4.970875897944693,29.84173319449872,60,5,0.09920891761108942,NORMAL
2026-09-07T11:17:34.861770,23193,6897,38,2.569854206495246,22.42597194399464,47,30,0.050381401415849514,NORMAL
2026-09-07T11:17:35.864271,23233,6905,135,24.728037177618265,73.51612215582719,40,8,0.9464330752872846,ANOMALY
2026-09-07T11:17:36.869310,23281,6920,21,1.635705511949221,15.373282463764758,48,15,0.05756864937007432,NORMAL
2026-09-07 11:17:36.826413,50.0,50.0,0.0,0.0,3950.0,18.4275,34.9795,0.0,0.0,0.0,0.0,1,0.0,NORMAL
2026-09-07T11:17:37.875668,23313,6943,21,2.742639382223512,6.431477394558156,32,23,0.06698355645061792,NORMAL
2026-09-07T11:17:38.877779,23350,6956,45,7.188229267888348,29.36307643406275,37,13,0.12429734965030352,NORMAL
2026-09-07T11:17:39.881149,23400,6985,8,2.011833281030487,26.73712827775788,50,29,0.14710276186685384,NORMAL
2026-09-07T11:17:40.882565,23492,7011,33,4.185593687229325,16.812616593431457,92,26,0.2465640632350012,NORMAL
2026-09-07T11:17:41.885417,23554,7034,30,7.890649289578295,20.180526139829986,62,23,0.09970165450061985,NORMAL
2026-09-07 11:17:41.943645,50.0,50.0,0.0,0.0,3950.0,18.4275,34.9795,0.0,0.0,0.0,0.0,1,0.0,NORMAL
2026-09-07T11:17:42.888046,23638,7061,8,6.202989184041785,7.913023741071316,84,27,0.07369954346973086,NORMAL
2026-09-07T11:17:43.891043,23737,7066,12,5.953681875674221,20.82537645530179,99,5,0.10072307573354584,NORMAL
2026-09-07T11:17:44.892999,23825,7094,240,7.6400568965570805,44.83570720649555,88,28,0.9995302960810469,ANOMALY
2026-09-07T11:17:45.894331,23874,7103,18,4.193953668412259,5.216977898931206,49,9,0.20685818287294794,NORMAL
2026-09-07T11:17:46.897899,23921,7126,7,6.37272093913724,9.714603053707481,47,23,0.2482851354331232,NORMAL
2026-09-07 11:17:47.050825,50.0,50.0,0.0,0.0,3950.0,18.4275,34.9795,0.0,0.0,0.0,0.0,1,0.0,NORMAL
2026-09-07T11:17:47.899673,23951,7133,222,31.303399302430748,71.50668827539165,30,7,0.9958614025991273,ANOMALY
2026-09-07T11:17:48.903082,23988,7138,23,6.9805784826579655,15.91376359508566,37,5,0.21145948833897618,NORMAL
2026-09-07T11:17:49.904642,24029,7164,22,7.250726208901383,12.372815076581137,41,26,0.050420176031458354,NORMAL
2026-09-07T11:17:50.908296,24077,7187,38,4.617326237233008,20.92430232883661,48,23,0.14264662968776598,NORMAL
2026-09-07T11:17:51.910339,24163,7194,39,6.6739670596677705,11.004189354072235,86,7,0.05746354130337138,NORMAL
2026-09-07 11:17:52.142482,50.0,50.0,0.0,0.0,3950.0,18.4275,34.9795,0.0,0.0,0.0,0.0,1,0.0,NORMAL
2026-09-07T11:17:52.916333,24260,7222,31,6.563672183015745,9.713660802957808,97,28,0.16259756370974876,NORMAL
2026-09-07T11:17:53.918839,24348,7239,40,3.1726775856593417,7.9282593558871834,88,17,0.09920259569076006,NORMAL
2026-09-07T11:17:54.920720,24417,7260,33,4.4245198826048195,24.51093951770423,69,21,0.013493003951299954,NORMAL
2026-09-07T11:17:55.923554,24490,7282,20,6.462367021998827,10.350477395634773,73,22,0.21244400341483502,NORMAL
2026-09-07T11:17:56.931196,24567,7312,19,5.124836847463853,14.894105145716974,77,30,0.1504296541256906,NORMAL
2026-09-07 11:17:57.223559,50.0,50.0,0.0,0.0,3950.0,18.4275,34.9795,0.0,0.0,0.0,0.0,1,0.0,NORMAL
2026-09-07T11:17:57.936395,24635,7323,9,7.2273115837362765,27.15500462080344,68,11,0.1904497194637163,NORMAL
2026-09-07T11:17:58.944050,24719,7351,46,5.904729847173296,25.577118981894355,84,28,0.29488881659213595,NORMAL
2026-09-07T11:17:59.946560,24813,7381,27,6.5601787414873405,7.582979799814744,94,30,0.012383369957765511,NORMAL
2026-09-07T11:18:00.950127,24866,7406,45,3.9188502640353144,13.610839592919927,53,25,0.223196961660973,NORMAL
2026-09-07T11:18:01.952589,24915,7431,37,1.9492503598616882,26.573261887659783,49,25,0.20161810697640078,NORMAL
2026-09-07 11:18:02.332956,50.0,50.0,0.0,0.0,3950.0,18.4275,34.9795,0.0,0.0,0.0,0.0,1,0.0,NORMAL
2026-09-07T11:18:02.957496,24963,7445,48,27.44367529257698,119.22968260669066,48,14,0.9756058692069138,ANOMALY
2026-09-07T11:18:03.960148,25050,7473,21,2.506902227548834,6.94869287361864,87,28,0.16870047268871777,NORMAL
2026-09-07T11:18:04.962694,25126,7480,84,18.55219576331747,38.95705460309984,76,7,0.9448052283897479,ANOMALY
2026-09-07T11:18:05.965030,25196,7494,78,19.31968913795638,51.790159822882046,70,14,0.9120445743516441,ANOMALY
2026-09-07T11:18:06.968306,25294,7522,22,7.381794760178832,26.641574105650506,98,28,0.15267324034413002,NORMAL
2026-09-07 11:18:07.405505,50.0,50.0,0.0,0.0,3950.0,18.4275,34.9795,0.0,0.0,0.0,0.0,1,0.0,NORMAL
2026-09-07T11:18:07.972954,25390,7531,13,1.9058408316866133,25.024549480555997,96,9,0.20908856266664105,NORMAL
2026-09-07T11:18:08.975388,25470,7540,252,39.9622795885013,60.21259127599155,80,9,0.9389193469115652,ANOMALY
2026-09-07T11:18:09.977567,25533,7552,7,5.157084313542608,8.646517115002418,63,12,0.25808266554827475,NORMAL
2026-09-07T11:18:10.978859,25565,7558,8,1.641395160673642,9.934625709163566,32,6,0.27180529821491334,NORMAL
2026-09-07T11:18:11.982163,25610,7577,24,1.1329981597109526,7.334877105114716,45,19,0.25382706098011826,NORMAL
2026-09-07 11:18:12.485766,50.0,50.0,0.0,0.0,3950.0,18.4275,34.9795,0.0,0.0,0.0,0.0,1,0.0,NORMAL
2026-09-07T11:18:12.985232,25633,7605,102,14.91124159560848,73.31225051480592,23,28,0.9913545770294636,ANOMALY
2026-09-07T11:18:13.988682,25727,7627,45,2.477456355326242,5.512945186573946,94,22,0.012993688574119743,NORMAL
2026-09-07T11:18:14.990492,25777,7632,39,1.1798552846757402,20.709679473978767,50,5,0.12229028384707935,NORMAL
2026-09-07T11:18:15.992745,25829,7653,18,2.3625310585459367,23.247291530939318,52,21,0.23526325159917466,NORMAL
2026-09-07T11:18:16.995328,25852,7660,44,7.738302588605002,5.700416445497298,23,7,0.28041567842409637,NORMAL
2026-09-07 11:18:17.595639,50.0,50.0,0.0,0.0,3950.0,18.4275,34.9795,0.0,0.0,0.0,0.0,1,0.0,NORMAL
2026-09-07T11:18:17.998069,25939,7689,19,4.155251480056186,29.71327641563619,87,29,0.030343760116570095,NORMAL
2026-09-07T11:18:18.999959,26035,7719,39,7.980034584603125,9.42159146370403,96,30,0.11379093815530539,NORMAL
2026-09-07T11:18:20.002653,26120,7736,168,31.64748251233238,28.870871774565742,85,17,0.9962351519226108,ANOMALY
2026-09-07T11:18:21.005520,26160,7744,25,3.5105228258634638,25.340102709804462,40,8,0.0178942709919097,NORMAL
2026-09-07T11:18:22.007481,26202,7753,39,6.7980674892598625,6.87468650403631,42,9,0.03936271192590923,NORMAL
2026-09-07 11:18:22.676456,50.0,50.0,0.0,0.0,3950.0,18.4275,34.9795,0.0,0.0,0.0,0.0,1,0.0,NORMAL
2026-09-07T11:18:23.014437,26239,7758,30,7.957526283988415,16.58072543880539,37,5,0.1415346972227449,NORMAL
2026-09-07T11:18:24.015881,26287,7778,10,1.3282951023825584,13.305845690095751,48,20,0.017186730955231686,NORMAL
2026-09-07T11:18:25.018244,26347,7790,204,19.740026751999686,85.54484487604569,60,12,0.9311617989016858,ANOMALY
2026-09-07T11:18:26.019901,26414,7800,35,7.457324510468871,19.844687923416153,67,10,0.08584043725269165,NORMAL
2026-09-07T11:18:27.022614,26512,7814,14,6.976885880676513,27.17566663552011,98,14,0.1612441632666525,NORMAL
2026-09-07 11:18:27.750426,50.0,50.0,0.0,0.0,3950.0,18.4275,34.9795,0.0,0.0,0.0,0.0,1,0.0,NORMAL
2026-09-07T11:18:28.025202,26570,7833,18,7.724814075263792,24.50335094333285,58,19,0.23914386805078974,NORMAL
2026-09-07T11:18:29.031609,26622,7840,26,4.3754142360248665,17.57904011597268,52,7,0.004420904100374712,NORMAL
2026-09-07T11:18:30.034513,26714,7855,48,7.300082006082196,21.18362823645744,92,15,0.18016289523142345,NORMAL
2026-09-07T11:18:31.036810,26803,7860,28,5.1832755597612605,23.290895275610115,89,5,0.04928584000941456,NORMAL
2026-09-07T11:18:32.040479,26856,7869,38,6.412012729130548,17.944935215834064,53,9,0.19431860545462207,NORMAL
2026-09-07 11:18:32.844617,50.0,50.0,0.0,0.0,3950.0,18.4275,34.9795,0.0,0.0,0.0,0.0,1,0.0,NORMAL
2026-09-07T11:18:33.045850,26877,7897,37,6.874294017478041,20.074094859048866,21,28,0.07880372997321987,NORMAL
2026-09-07T11:18:34.048490,26925,7914,46,4.610422535633582,14.092204417473884,48,17,0.006030560607614033,NORMAL
2026-09-07T11:18:35.050594,26963,7924,41,2.155767154386256,9.060421855276388,38,10,0.012387101996296656,NORMAL
2026-09-07T11:18:36.052488,27019,7944,13,5.761072753120526,26.885292277209313,56,20,0.2204492618790793,NORMAL
2026-09-07T11:18:37.053920,27063,7957,44,6.463709918279759,29.120110243320735,44,13,0.23021797043809217,NORMAL
2026-09-07 11:18:37.928362,50.0,50.0,0.0,0.0,3950.0,18.4275,34.9795,0.0,0.0,0.0,0.0,1,0.0,NORMAL
2026-09-07T11:18:38.055320,27088,7987,37,1.9652026022819777,21.536501010660174,25,30,0.29810653931576403,NORMAL
2026-09-07T11:18:39.057317,27168,8012,47,1.4531114684766668,15.197901599698348,80,25,0.01750801415073224,NORMAL
2026-09-07T11:18:40.058828,27219,8029,34,1.9168747886144382,7.9164666391315235,51,17,0.15375115953955332,NORMAL
2026-09-07T11:18:41.061230,27247,8049,10,2.618344172131831,26.87129579252167,28,20,0.23043866047189998,NORMAL
2026-09-07T11:18:42.063928,27278,8064,13,1.056164013444343,25.11486121370386,31,15,0.047150794136343786,NORMAL
2026-09-07T11:18:43.065542,27306,8069,29,3.3938353090245035,11.04164744680007,28,5,0.2175518268006536,NORMAL
2026-09-07 11:18:43.001984,50.0,50.0,0.0,0.0,3950.0,18.4275,34.9795,0.0,0.0,0.0,0.0,1,0.0,NORMAL
2026-09-07T11:18:44.067822,27381,8090,19,3.785538822647807,7.367116745390255,75,21,0.2707120651684096,NORMAL
2026-09-07T11:18:45.070320,27427,8105,11,5.863423758517546,11.56872492911856,46,15,0.16914552246210393,NORMAL
2026-09-07T11:18:46.073133,27523,8123,50,3.6554268401886487,13.355294436168542,96,18,0.17808815025150718,NORMAL
2026-09-07T11:18:47.076273,27576,8128,49,3.5118995317679933,15.082639470547772,53,5,0.05688081007849838,NORMAL
2026-09-07T11:18:48.083493,27666,8135,19,1.1387687850984767,7.662091179478354,90,7,0.1088052336982837,NORMAL
2026-09-07 11:18:48.084266,50.0,50.0,0.0,0.0,3950.0,18.4275,34.9795,0.0,0.0,0.0,0.0,1,0.0,NORMAL
2026-09-07T11:18:49.086128,27756,8150,43,4.668482848332121,7.112415659477804,90,15,0.1253527249947407,NORMAL
2026-09-07T11:18:50.090300,27844,8179,31,5.666425119706815,17.11376206813007,88,29,0.25339915518966166,NORMAL
2026-09-07T11:18:51.098530,27934,8199,16,4.432824642277099,20.61710209692093,90,20,0.06423733418275553,NORMAL
2026-09-07T11:18:52.106816,28009,8228,8,5.355052433847693,19.635784851834693,75,29,0.27373591960703225,NORMAL
2026-09-07T11:18:53.108820,28068,8236,252,22.67011764382771,68.57521239737954,59,8,0.971166765193302,ANOMALY
2026-09-07 11:18:53.161209,50.0,50.0,0.0,0.0,3950.0,18.4275,34.9795,0.0,0.0,0.0,0.0,1,0.0,NORMAL
2026-09-07T11:18:54.111479,28164,8246,5,3.597498700718101,17.95877211042117,96,10,0.2330089732683834,NORMAL
2026-09-07T11:18:55.113238,28221,8257,24,2.4386019058266744,25.848758800615045,57,11,0.2250288736968234,NORMAL
2026-09-07T11:18:56.116448,28295,8269,26,2.0446620076514326,14.977618999995954,74,12,0.0789453034654901,NORMAL
2026-09-07T11:18:57.119105,28385,8282,27,3.581339116075534,7.914398230926657,90,13,0.009082830151981702,NORMAL
2026-09-07T11:18:58.129719,28425,8312,13,7.6583150171269,21.629814860311782,40,30,0.10871531526336099,NORMAL
2026-09-07 11:18:58.264129,50.0,50.0,0.0,0.0,3950.0,18.4275,34.9795,0.0,0.0,0.0,0.0,1,0.0,NORMAL
2026-09-07T11:18:59.131166,28499,8321,38,7.132938845866327,14.419896769704113,74,9,0.09672273613925957,NORMAL
2026-09-07T11:19:00.132735,28585,8339,48,7.57762360647345,5.715204263130409,86,18,0.1338929244861953,NORMAL
2026-09-07T11:19:01.134927,28629,8368,10,1.705097040631422,7.528650722086084,44,29,0.0018983783786396978,NORMAL
2026-09-07T11:19:02.137628,28661,8396,26,7.99563044781388,28.38045714714329,32,28,0.15960708948747265,NORMAL
2026-09-07T11:19:03.139706,28746,8421,37,7.42522687643158,20.02485351306361,85,25,0.20410754212104476,NORMAL
2026-09-07 11:19:03.337370,50.0,50.0,0.0,0.0,3950.0,18.4275,34.9795,0.0,0.0,0.0,0.0,1,0.0,NORMAL
2026-09-07T11:19:04.142252,28830,8437,40,5.624022173768614,22.33697134893972,84,16,0.1105912417849711,NORMAL
2026-09-07T11:19:05.144290,28859,8446,6,2.380291236053773,9.14351871381482,29,9,0.17746778084429252,NORMAL
2026-09-07T11:19:06.145806,28901,8464,7,5.624603262315282,27.69101447420228,42,18,0.24575510225347347,NORMAL
2026-09-07T11:19:07.148903,28965,8482,33,5.440957873290352,22.399081689303266,64,18,0.11640425295564139,NORMAL
2026-09-07T11:19:08.151705,29000,8489,38,1.7199807701977323,23.42548501675819,35,7,0.18428432240580833,NORMAL
2026-09-07 11:19:08.400657,50.0,50.0,0.0,0.0,3950.0,18.4275,34.9795,0.0,0.0,0.0,0.0,1,0.0,NORMAL
2026-09-07T11:19:09.153466,29036,8500,24,4.3483651453268894,11.397617425655097,36,11,0.09635821176655905,NORMAL
2026-09-07T11:19:10.155238,29096,8520,105,37.15841725374387,54.5775587440463,60,20,0.9732631942035171,ANOMALY
2026-09-07T11:19:11.157944,29143,8538,22,5.324481939690835,26.361648685276712,47,18,0.15294176951940433,NORMAL
2026-09-07T11:19:12.160956,29235,8551,42,2.192657636239443,6.326620438742157,92,13,0.2730726086238086,NORMAL
2026-09-07T11:19:13.165143,29263,8578,32,5.785826472394766,10.364088636094552,28,27,0.09204359337732325,NORMAL
2026-09-07 11:19:13.488712,50.0,50.0,0.0,0.0,3950.0,18.4275,34.9795,0.0,0.0,0.0,0.0,1,0.0,NORMAL
2026-09-07T11:19:14.166889,29312,8587,29,5.967367198324975,21.31501478245679,49,9,0.2106681757006825,NORMAL
2026-09-07T11:19:15.168292,29380,8594,46,6.5227270033743565,20.357321378205498,68,7,0.2665336936916156,NORMAL
2026-09-07T11:19:16.173080,29404,8618,12,7.003533541408382,12.316319075546993,24,24,0.25088267975281026,NORMAL
2026-09-07T11:19:17.174776,29499,8625,44,7.355160149589019,5.263134313200172,95,7,0.2909020736797602,NORMAL
2026-09-07T11:19:18.177172,29569,8638,8,3.7817566992497493,18.632825593668333,70,13,0.013601520349992902,NORMAL
2026-09-07 11:19:18.609204,50.0,50.0,0.0,0.0,3950.0,18.4275,34.9795,0.0,0.0,0.0,0.0,1,0.0,NORMAL
2026-09-07T11:19:19.179517,29635,8664,21,7.97957059548071,5.346878852678081,66,26,0.025408902140768075,NORMAL
2026-09-07T11:19:20.183209,29731,8674,27,5.509021706816354,29.383774757553272,96,10,0.11228703700832281,NORMAL
2026-09-07T11:19:21.187653,29797,8689,19,1.9696684365088295,28.03111031579258,66,15,0.1184519277166356,NORMAL
2026-09-07T11:19:22.189418,29880,8704,10,4.695026737474282,10.121599205973201,83,15,0.09425488975889863,NORMAL
2026-09-07T11:19:23.194780,29943,8712,5,5.755344132498671,25.353452960274822,63,8,0.2607827922327666,NORMAL
2026-09-07 11:19:23.674905,50.0,50.0,0.0,0.0,3950.0,18.4275,34.9795,0.0,0.0,0.0,0.0,1,0.0,NORMAL
2026-09-07T11:19:24.198472,30024,8727,48,3.4106707887381233,17.240364093287923,81,15,0.13356769966390905,NORMAL
2026-09-07T11:19:25.200379,30088,8753,7,7.924602116882848,11.560896233230418,64,26,0.10770188109971306,NORMAL
2026-09-07T11:19:26.204100,30163,8759,33,1.4517084624136611,6.135651874420768,75,6,0.2862204722867245,NORMAL
2026-09-07T11:19:27.206485,30240,8788,25,1.8197719731789521,28.046793055578146,77,29,0.19062653970748003,NORMAL
2026-09-07T11:19:28.208991,30279,8811,50,4.664105882078806,14.923144604468447,39,23,0.2699093428816065,NORMAL
2026-09-07 11:19:28.790103,50.0,50.0,0.0,0.0,3950.0,18.4275,34.9795,0.0,0.0,0.0,0.0,1,0.0,NORMAL
2026-09-07T11:19:29.215164,30378,8836,21,7.377758416895423,21.351869582046604,99,25,0.00260742739813381,NORMAL
2026-09-07T11:19:30.218060,30398,8859,20,1.056308040603695,25.70212515146478,20,23,0.18304638599073278,NORMAL
2026-09-07T11:19:31.220385,30445,8883,81,9.876036002693736,51.194370410451995,47,24,0.8118650791892214,ANOMALY
2026-09-07T11:19:32.229710,30527,8891,42,4.404974791188612,6.137671905760529,82,8,0.2754475827175651,NORMAL
2026-09-07T11:19:33.232157,30593,8903,46,7.328319617450819,21.9546305531637,66,12,0.26251293227936134,NORMAL
2026-09-07 11:19:33.854834,50.0,50.0,0.0,0.0,3950.0,18.4275,34.9795,0.0,0.0,0.0,0.0,1,0.0,NORMAL
2026-09-07T11:19:34.233783,30689,8917,172,8.576825255710967,91.86287909948663,96,14,0.8671110269784111,ANOMALY
2026-09-07T11:19:35.238414,30741,8942,16,5.126536408127574,25.017253508410846,52,25,0.16905317296357175,NORMAL
2026-09-07T11:19:36.239862,30808,8948,56,45.213910116693754,90.03081160292334,67,6,0.8296946308911637,ANOMALY
2026-09-07T11:19:37.241737,30878,8976,33,6.253405431568104,29.14509035205668,70,28,0.2958533342710163,NORMAL
2026-09-07T11:19:38.244128,30911,8985,39,4.755928082419759,27.780377886137423,33,9,0.14256411289344342,NORMAL
2026-09-07 11:19:38.934846,50.0,50.0,0.0,0.0,3950.0,18.4275,34.9795,0.0,0.0,0.0,0.0,1,0.0,NORMAL
2026-09-07T11:19:39.246602,30975,9008,31,2.841427221861368,21.549736413973324,64,23,0.08675775561630497,NORMAL
2026-09-07T11:19:40.247863,31063,9035,27,3.0656787585866776,26.659139707137403,88,27,0.15814809471021088,NORMAL
2026-09-07T11:19:41.251987,31088,9048,5,6.214418304302759,25.507962252412916,25,13,0.17269948434101182,NORMAL
2026-09-07T11:19:42.253802,31137,9053,60,39.90749154359129,109.87568465281893,49,5,0.8055957672846392,ANOMALY
2026-09-07T11:19:43.256955,31164,9074,34,2.1942537299069365,14.277510047039636,27,21,0.2797346502557133,NORMAL
2026-09-07 11:19:44.013716,50.0,50.0,0.0,0.0,3950.0,18.4275,34.9795,0.0,0.0,0.0,0.0,1,0.0,NORMAL
2026-09-07T11:19:44.259816,31225,9094,41,6.09161263845463,26.82206837976188,61,20,0.2114513442624877,NORMAL
2026-09-07T11:19:45.262308,31281,9121,16,2.8591530671177594,26.715941530291516,56,27,0.06108299616849694,NORMAL
2026-09-07T11:19:46.263994,31374,9136,30,5.305587731512938,24.96883505636891,93,15,0.05699464515870227,NORMAL
2026-09-07T11:19:47.266127,31443,9142,27,7.94975761298964,13.931608706068436,69,6,0.2798831049993912,NORMAL
2026-09-07T11:19:48.267803,31496,9157,50,7.6487394153385475,13.481913210715064,53,15,0.07025655627640982,NORMAL
2026-09-07 11:19:49.126251,50.0,50.0,0.0,0.0,3950.0,18.4275,34.9795,0.0,0.0,0.0,0.0,1,0.0,NORMAL
2026-09-07T11:19:49.271532,31589,9163,46,6.1879894850087975,12.548677885351765,93,6,0.022453414902941015,NORMAL
2026-09-07T11:19:50.272708,31609,9193,47,4.961567139701237,29.693035454032348,20,30,0.17428083313540366,NORMAL
2026-09-07T11:19:51.276539,31683,9203,45,5.272726615033294,5.519789569295301,74,10,0.1015613803577608,NORMAL
2026-09-07T11:19:52.277927,31760,9210,44,1.9063551267360572,22.309742017795706,77,7,0.13196160403566573,NORMAL
2026-09-07T11:19:53.280644,31782,9240,21,7.452439062296636,7.223696735657149,22,30,0.001415060197092255,NORMAL
2026-09-07T11:19:54.282291,31855,9266,41,3.125724958401604,22.01347580608896,73,26,0.23214358926464457,NORMAL
2026-09-07 11:19:54.203894,50.0,50.0,0.0,0.0,3950.0,18.4275,34.9795,0.0,0.0,0.0,0.0,1,0.0,NORMAL
2026-09-07T11:19:55.285022,31903,9287,14,4.619754668854194,13.696331703199933,48,21,0.05873847801364781,NORMAL
2026-09-07T11:19:56.286563,31937,9313,21,3.286913880166682,12.270283178522405,34,26,0.13172947545588834,NORMAL
2026-09-07T11:19:57.288346,31988,9336,50,1.1670403161771778,29.621105860221537,51,23,0.11235286868912886,NORMAL
2026-09-07T11:19:58.290341,32045,9346,46,1.9817371773172328,10.941063176100585,57,10,0.28972409691929885,NORMAL
2026-09-07T11:19:59.293684,32114,9365,48,1.185252052308163,26.5458334943798,69,19,0.24776071720252035,NORMAL
2026-09-07 11:19:59.295206,50.0,50.0,0.0,0.0,3950.0,18.4275,34.9795,0.0,0.0,0.0,0.0,1,0.0,NORMAL
2026-09-07T11:20:00.298358,32155,9390,41,6.89531960240446,7.91551981391496,41,25,0.2972294415895295,NORMAL
2026-09-07T11:20:01.300218,32180,9409,20,2.072937790770469,19.007720046875,25,19,0.006983256299615548,NORMAL
2026-09-07T11:20:02.302638,32215,9426,9,2.0985998916878827,23.617433620887656,35,17,0.2629951181483894,NORMAL
2026-09-07T11:20:03.304858,32298,9452,282,28.47406346735596,43.017127739601925,83,26,0.9036813242430122,ANOMALY
2026-09-07T11:20:04.308842,32370,9482,38,4.769588037329827,14.740101924821772,72,30,0.2668039079212595,NORMAL
2026-09-07 11:20:04.392619,50.0,50.0,0.0,0.0,3950.0,18.4275,34.9795,0.0,0.0,0.0,0.0,1,0.0,NORMAL
2026-09-07T11:20:05.317222,32392,9509,17,4.491127107458621,18.49036548126334,22,27,0.23362887426159315,NORMAL
2026-09-07T11:20:06.319719,32473,9528,45,7.470665404207614,5.488986543940179,81,19,0.05380874622035453,NORMAL
2026-09-07T11:20:07.322413,32518,9534,49,6.315066590611258,10.017421198221028,45,6,0.1578874590110191,NORMAL
2026-09-07T11:20:08.326233,32579,9548,45,3.577560102484777,20.483934179863432,61,14,0.29584145740000023,NORMAL
2026-09-07T11:20:09.328737,32612,9554,26,6.484072865515615,9.072632650642149,33,6,0.004700429016281748,NORMAL
2026-09-07 11:20:09.475931,50.0,50.0,0.0,0.0,3950.0,18.4275,34.9795,0.0,0.0,0.0,0.0,1,0.0,NORMAL
2026-09-07T11:20:10.331405,32700,9561,96,43.93718238050629,76.00359244448444,88,7,0.8970543189194122,ANOMALY
2026-09-07T11:20:11.335338,32751,9584,22,3.275296817721431,12.3494980312224,51,23,0.02050154335482981,NORMAL
2026-09-07T11:20:12.337642,32780,9607,16,2.3071883766499743,12.586984607689427,29,23,0.10963005923097544,NORMAL
2026-09-07T11:20:13.339623,32800,9628,26,5.771951365371212,10.951463210661101,20,21,0.1200021859379648,NORMAL
2026-09-07T11:20:14.347068,32846,9642,45,3.8100813307515393,15.168999687395122,46,14,0.28744884682835514,NORMAL
2026-09-07 11:20:14.547618,50.0,50.0,0.0,0.0,3950.0,18.4275,34.9795,0.0,0.0,0.0,0.0,1,0.0,NORMAL
2026-09-07T11:20:15.350346,32875,9655,39,3.0687680395683414,10.605943575994901,29,13,0.05328621462694681,NORMAL
2026-09-07T11:20:16.353058,32968,9664,50,7.0381348958985654,6.992428191813647,93,9,0.08967458159738385,NORMAL
2026-09-07T11:20:17.354422,33052,9684,24,7.9156076196142315,7.830247540976899,84,20,0.25539145801045815,NORMAL
2026-09-07T11:20:18.356413,33128,9703,35,2.813140177841799,11.258172862387475,76,19,0.27199285479856466,NORMAL
2026-09-07T11:20:19.359679,33156,9733,50,6.021516228936192,12.160632800830122,28,30,0.22420254220522426,NORMAL
2026-09-07 11:20:19.605751,50.0,50.0,0.0,0.0,3950.0,18.4275,34.9795,0.0,0.0,0.0,0.0,1,0.0,NORMAL
2026-09-07T11:20:20.367166,33192,9754,26,7.388883073320824,10.468726268308234,36,21,0.15849226053042015,NORMAL
2026-09-07T11:20:21.370000,33284,9759,36,4.410345569403203,20.430859027867772,92,5,0.1312077744138053,NORMAL
2026-09-07T11:20:22.373410,33306,9780,31,3.6967977852783345,19.216909664881378,22,21,0.1770094513691077,NORMAL
2026-09-07T11:20:23.376193,33373,9790,27,1.6591971368660052,21.017229385438867,67,10,0.10558888559182175,NORMAL
2026-09-07T11:20:24.378417,33427,9802,11,6.763644486888531,29.040597451138275,54,12,0.18000302998462142,NORMAL
2026-09-07 11:20:24.688429,50.0,50.0,0.0,0.0,3950.0,18.4275,34.9795,0.0,0.0,0.0,0.0,1,0.0,NORMAL
2026-09-07T11:20:25.381066,33508,9808,49,3.9046068782681385,13.636409091030565,81,6,0.09939129035914637,NORMAL
2026-09-07T11:20:26.382983,33604,9836,36,1.5148743133724052,6.794680343493174,96,28,0.12381186049908557,NORMAL
2026-09-07T11:20:27.385201,33651,9845,90,19.06121137779364,27.309087707988354,47,9,0.8693127805606866,ANOMALY
2026-09-07T11:20:28.390151,33724,9858,36,5.578011449062038,10.017809945786937,73,13,0.22797141214448072,NORMAL
2026-09-07T11:20:29.392935,33814,9873,66,52.51066761814759,120.67289555044064,90,15,0.9792325599501267,ANOMALY
2026-09-07 11:20:29.801273,50.0,50.0,0.0,0.0,3950.0,18.4275,34.9795,0.0,0.0,0.0,0.0,1,0.0,NORMAL
2026-09-07T11:20:30.395716,33896,9894,49,7.195726481059333,7.607285244769525,82,21,0.0774764383996129,NORMAL
2026-09-07T11:20:31.399859,33986,9910,28,1.1576276726021004,22.10425717911716,90,16,0.17141152139365787,NORMAL
2026-09-07T11:20:32.402968,34083,9931,38,5.264602491468886,6.162264974699765,97,21,0.022674270706883402,NORMAL
2026-09-07T11:20:33.406277,34150,9952,23,2.4988714041470477,10.28325326504305,67,21,0.19537870785724945,NORMAL
2026-09-07T11:20:34.410877,34211,9977,5,7.944431649124843,17.463419164542838,61,25,0.0630315578372972,NORMAL
2026-09-07 11:20:34.898597,50.0,50.0,0.0,0.0,3950.0,18.4275,34.9795,0.0,0.0,0.0,0.0,1,0.0,NORMAL
2026-09-07T11:20:35.414777,34292,9992,26,1.0527079204075172,28.8849125284383,81,15,0.14119239123582913,NORMAL
2026-09-07T11:20:36.416572,34324,10022,37,7.345901146049048,17.36976011740228,32,30,0.15465885429652707,NORMAL
2026-09-07T11:20:37.420107,34406,10043,45,5.366102398390031,21.686700341567658,82,21,0.18247890211018403,NORMAL
2026-09-07T11:20:38.422151,34479,10066,72,22.137783843398935,33.93293345265709,73,23,0.8024221084089301,ANOMALY
2026-09-07T11:20:39.423796,34540,10075,42,4.271085462200306,19.027440505174457,61,9,0.29442713401851855,NORMAL
2026-09-07 11:20:39.977758,50.0,50.0,0.0,0.0,3950.0,18.4275,34.9795,0.0,0.0,0.0,0.0,1,0.0,NORMAL
2026-09-07T11:20:40.426742,34591,10082,46,7.412512059703123,24.803161813234567,51,7,0.026190540132649286,NORMAL
2026-09-07T11:20:41.428856,34676,10092,41,4.593901291705906,8.181916513332828,85,10,0.11120600579966795,NORMAL
2026-09-07T11:20:42.431458,34718,10115,7,3.7376674564017103,24.791273442605945,42,23,0.09265036105022524,NORMAL
2026-09-07T11:20:43.433130,34738,10144,42,2.5001830320882927,11.486941876786737,20,29,0.2656340440255225,NORMAL
2026-09-07T11:20:44.436392,34797,10160,44,1.1844774296644633,6.5935636870307714,59,16,0.09880794307997906,NORMAL
2026-09-07 11:20:45.081262,50.0,50.0,0.0,0.0,3950.0,18.4275,34.9795,0.0,0.0,0.0,0.0,1,0.0,NORMAL
2026-09-07T11:20:45.439380,34868,10184,29,1.6103769600280353,8.560721848229836,71,24,0.20273279865231492,NORMAL
2026-09-07T11:20:46.441138,34950,10207,44,5.736645849809854,14.111153604111566,82,23,0.17667909106103402,NORMAL
2026-09-07T11:20:47.442581,34999,10213,47,4.863407245573364,13.589408302651167,49,6,0.0714171928100379,NORMAL
2026-09-07T11:20:48.445703,35046,10236,46,1.7008517451122867,14.899867799532828,47,23,0.04306966732285465,NORMAL
2026-09-07T11:20:49.447671,35139,10260,47,6.112467799504139,12.44612291187299,93,24,0.030414153846964873,NORMAL
2026-09-07 11:20:50.152961,50.0,50.0,0.0,0.0,3950.0,18.4275,34.9795,0.0,0.0,0.0,0.0,1,0.0,NORMAL
2026-09-07T11:20:50.451181,35168,10288,45,5.57738940240301,17.20730781622023,29,28,0.27821026765567186,NORMAL
2026-09-07T11:20:51.453121,35197,10295,41,2.4404003681330435,23.294350260948708,29,7,0.2554733391976456,NORMAL
2026-09-07T11:20:52.457534,35268,10324,5,1.8799600767751468,13.93204959169902,71,29,0.10327272920495252,NORMAL
2026-09-07T11:20:53.458932,35332,10353,8,6.106928422016582,24.807187662229936,64,29,0.08549294746553589,NORMAL
2026-09-07T11:20:54.460976,35386,10382,11,2.913579122518112,9.52495018044246,54,29,0.16505589529124795,NORMAL
2026-09-07 11:20:55.262613,50.0,50.0,0.0,0.0,3950.0,18.4275,34.9795,0.0,0.0,0.0,0.0,1,0.0,NORMAL
2026-09-07T11:20:55.462742,35440,10400,28,2.0868207244524735,9.390622810504071,54,18,0.03892704871166625,NORMAL
2026-09-07T11:20:56.465374,35509,10416,21,7.15528237700836,6.713682679033759,69,16,0.07018511748397754,NORMAL
2026-09-07T11:20:57.466834,35595,10444,20,2.3354974852642405,8.008487138746965,86,28,0.21694136378505793,NORMAL
2026-09-07T11:20:58.470487,35689,10465,43,2.1120704837015842,21.267135449617793,94,21,0.10941626219339468,NORMAL
2026-09-07T11:20:59.472238,35751,10479,26,2.285432190832998,26.172141569912856,62,14,0.29442186054628877,NORMAL
2026-09-07 11:21:00.350960,50.0,50.0,0.0,0.0,3950.0,18.4275,34.9795,0.0,0.0,0.0,0.0,1,0.0,NORMAL
2026-09-07T11:21:00.474623,35848,10503,31,5.804896532290927,8.591334894963747,97,24,0.03480275165438288,NORMAL
2026-09-07T11:21:01.477251,35911,10530,39,1.220823178009065,5.629758436755481,63,27,0.12423721550024293,NORMAL
2026-09-07T11:21:02.480167,35983,10540,38,3.496670133112862,5.393678306829773,72,10,0.023490104705711244,NORMAL
2026-09-07T11:21:03.481471,36073,10551,47,4.801194278139432,8.751445443003458,90,11,0.040646707350302326,NORMAL
2026-09-07T11:21:04.484811,36125,10557,11,4.196935407912681,19.459397639763885,52,6,0.056726176771408565,NORMAL
2026-09-07T11:21:05.486133,36188,10584,14,7.20478959259988,10.352257933953119,63,27,0.16285067992720426,NORMAL
2026-09-07 11:21:05.453508,50.0,50.0,0.0,0.0,3950.0,18.4275,34.9795,0.0,0.0,0.0,0.0,1,0.0,NORMAL
2026-09-07T11:21:06.488778,36231,10614,20,4.819155636079929,10.462204270222637,43,30,0.18635770729229487,NORMAL
2026-09-07T11:21:07.490044,36297,10638,18,6.2659282832330945,25.380601340734366,66,24,0.18107560658556066,NORMAL
2026-09-07T11:21:08.492664,36379,10662,25,6.807069819127651,6.435476529787014,82,24,0.12354617167487957,NORMAL
2026-09-07T11:21:09.494547,36428,10680,20,3.7740184116073636,28.05780564268564,49,18,0.2590795976689405,NORMAL
2026-09-07T11:21:10.496414,36526,10694,29,2.9008318291409383,7.4201248912127795,98,14,0.034448513074649724,NORMAL
2026-09-07 11:21:10.538247,50.0,50.0,0.0,0.0,3950.0,18.4275,34.9795,0.0,0.0,0.0,0.0,1,0.0,NORMAL
2026-09-07T11:21:11.499921,36607,10724,30,43.21535712492232,55.68597930794353,81,30,0.8275886806657857,ANOMALY
2026-09-07T11:21:12.504558,36676,10731,168,34.50073263599404,86.19886901043107,69,7,0.8687758520878897,ANOMALY
2026-09-07T11:21:13.506696,36731,10759,42,6.485835323430643,22.291919574765373,55,28,0.032731850674265595,NORMAL
2026-09-07T11:21:14.509662,36805,10765,21,5.216608473796793,9.934208025706148,74,6,0.24509618291987528,NORMAL
2026-09-07T11:21:15.512714,36848,10773,40,1.8424842132011736,21.272461166330725,43,8,0.278332369268524,NORMAL
2026-09-07 11:21:15.653321,50.0,50.0,0.0,0.0,3950.0,18.4275,34.9795,0.0,0.0,0.0,0.0,1,0.0,NORMAL
2026-09-07T11:21:16.516274,36916,10781,49,5.87679916457351,6.161679052738168,68,8,0.25836608088290725,NORMAL
2026-09-07T11:21:17.523303,36989,10791,13,6.925157405386151,27.177635974066273,73,10,0.07010054102343759,NORMAL
2026-09-07T11:21:18.527043,37052,10805,24,4.803273825108753,29.851335492759503,63,14,0.2055981150476966,NORMAL
2026-09-07T11:21:19.528920,37121,10832,49,4.5643265431815205,17.36882624004796,69,27,0.2720245644954746,NORMAL
2026-09-07T11:21:20.530855,37185,10848,22,6.058864414959715,9.275727971194264,64,16,0.2955266652903873,NORMAL
2026-09-07 11:21:20.756944,50.0,50.0,0.0,0.0,3950.0,18.4275,34.9795,0.0,0.0,0.0,0.0,1,0.0,NORMAL
2026-09-07T11:21:21.534655,37212,10857,28,1.4516617990679213,14.42429576650875,27,9,0.20898089460941086,NORMAL
2026-09-07T11:21:22.540954,37294,10871,42,26.715324720019805,29.915243338999442,82,14,0.8543694755831409,ANOMALY
2026-09-07T11:21:23.544037,37357,10900,132,43.33587365125595,78.09358529612729,63,29,0.9297783409346405,ANOMALY
2026-09-07T11:21:24.548297,37398,10923,36,6.250732175106465,18.040423973551682,41,23,0.2860536269181608,NORMAL
2026-09-07T11:21:25.552060,37482,10939,26,1.7288328448596069,16.04302471059091,84,16,0.2808314942771929,NORMAL
2026-09-07 11:21:25.842292,50.0,50.0,0.0,0.0,3950.0,18.4275,34.9795,0.0,0.0,0.0,0.0,1,0.0,NORMAL
2026-09-07T11:21:26.556521,37532,10946,43,1.250120273318284,8.226007083358166,50,7,0.08337874989395466,NORMAL
2026-09-07T11:21:27.559403,37583,10971,13,6.324357773936425,28.840143799111395,51,25,0.14995850090054522,NORMAL
2026-09-07T11:21:28.561151,37661,10980,47,6.767706839891311,14.48211317567114,78,9,0.0402979294461223,NORMAL
2026-09-07T11:21:29.563599,37748,11007,6,5.580388517940548,5.051157776603594,87,27,0.09289323865241661,NORMAL
2026-09-07T11:21:30.565817,37801,11028,27,17.45788397331032,77.21998523353791,53,21,0.8033539071908806,ANOMALY
2026-09-07 11:21:30.931755,50.0,50.0,0.0,0.0,3950.0,18.4275,34.9795,0.0,0.0,0.0,0.0,1,0.0,NORMAL
2026-09-07T11:21:31.568021,37875,11055,33,1.933520157462639,17.036221712909978,74,27,0.004818232840454573,NORMAL
2026-09-07T11:21:32.569555,37940,11068,220,46.01525218513427,163.4070541106491,65,13,0.8120792949524872,ANOMALY
2026-09-07T11:21:33.571658,37973,11077,39,4.015414906101168,18.952797632186243,33,9,0.181788193251304,NORMAL
2026-09-07T11:21:34.575840,38006,11099,30,3.2497074954938094,24.081839682494888,33,22,0.22683587173736428,NORMAL
2026-09-07T11:21:35.578279,38027,11120,26,1.8850949866152988,17.887348024103048,21,21,0.12551561748982862,NORMAL
2026-09-07 11:21:36.028652,50.0,50.0,0.0,0.0,3950.0,18.4275,34.9795,0.0,0.0,0.0,0.0,1,0.0,NORMAL
2026-09-07T11:21:36.581118,38061,11129,21,3.5501088957370373,9.139542045037093,34,9,0.023747466487113834,NORMAL
2026-09-07T11:21:37.583072,38120,11153,34,1.2359093645718877,23.339687396307326,59,24,0.2839444394629709,NORMAL
2026-09-07T11:21:38.588255,38218,11166,42,2.8871635054127673,14.91116833459143,98,13,0.19650429008135975,NORMAL
2026-09-07T11:21:39.590921,38242,11177,6,1.3120964540580826,6.928557145135265,24,11,0.10112114455768005,NORMAL
2026-09-07T11:21:40.594985,38342,11190,50,4.740038209570452,9.37562374279954,100,13,0.2981970296692446,NORMAL
2026-09-07 11:21:41.126156,50.0,50.0,0.0,0.0,3950.0,18.4275,34.9795,0.0,0.0,0.0,0.0,1,0.0,NORMAL
2026-09-07T11:21:41.598787,38441,11204,48,2.1694015608467545,21.7976020873655,99,14,0.21361169992079607,NORMAL
2026-09-07T11:21:42.601711,38541,11227,34,6.971995663133901,11.16589007789976,100,23,0.026908794061079076,NORMAL
2026-09-07T11:21:43.604657,38622,11242,120,20.073608750378018,23.964158248617046,81,15,0.8930479356169084,ANOMALY
2026-09-07T11:21:44.606381,38671,11258,33,1.2885808100839244,11.692319361050181,49,16,0.1297161591999344,NORMAL
2026-09-07T11:21:45.608990,38691,11277,16,5.030445033390674,25.998985208446925,20,19,0.04623601612291558,NORMAL
2026-09-07 11:21:46.219288,50.0,50.0,0.0,0.0,3950.0,18.4275,34.9795,0.0,0.0,0.0,0.0,1,0.0,NORMAL
2026-09-07T11:21:46.611051,38713,11307,28,4.161380621159616,6.012233302287707,22,30,0.14882996087874104,NORMAL
2026-09-07T11:21:47.614434,38755,11315,117,33.15436972367554,88.61464391860763,42,8,0.9232549199294129,ANOMALY
2026-09-07T11:21:48.616270,38843,11325,44,5.051652703888231,22.605290863585683,88,10,0.0840660212284435,NORMAL
2026-09-07T11:21:49.618498,38889,11344,27,3.9658232874431074,17.3103657134939,46,19,0.17724865942225224,NORMAL
2026-09-07T11:21:50.621720,38923,11355,38,4.364181468264329,24.58983785113216,34,11,0.019455502028732474,NORMAL
2026-09-07 11:21:51.330361,50.0,50.0,0.0,0.0,3950.0,18.4275,34.9795,0.0,0.0,0.0,0.0,1,0.0,NORMAL
2026-09-07T11:21:51.623745,38952,11379,22,6.603613321343525,29.65974480378311,29,24,0.14893554107891038,NORMAL
2026-09-07T11:21:52.625367,38997,11407,190,39.49736724670683,102.88468204143147,45,28,0.8721875097229024,ANOMALY
2026-09-07T11:21:53.631235,39050,11416,28,5.853626701240632,18.96048820174657,53,9,0.21353215689612634,NORMAL
2026-09-07T11:21:54.633904,39130,11430,36,3.9047585944945125,24.2695052102717,80,14,0.15168993072715975,NORMAL
2026-09-07T11:21:55.637919,39168,11459,14,7.444552793053558,5.495661638835957,38,29,0.08509877530310232,NORMAL
2026-09-07 11:21:56.426009,50.0,50.0,0.0,0.0,3950.0,18.4275,34.9795,0.0,0.0,0.0,0.0,1,0.0,NORMAL
2026-09-07T11:21:56.639447,39192,11488,38,5.923625760765813,20.187870273314626,24,29,0.027952706836414397,NORMAL
2026-09-07T11:21:57.641859,39217,11494,35,5.076604833251636,24.753174124851608,25,6,0.24826876627495206,NORMAL
2026-09-07T11:21:58.644583,39240,11519,50,3.513575133264599,26.871345960759886,23,25,0.26198903119796363,NORMAL
2026-09-07T11:21:59.646789,39280,11526,60,29.762529402945397,98.04108279184909,40,7,0.9798839035943915,ANOMALY
2026-09-07T11:22:00.650561,39318,11534,5,1.9049349692790214,22.08684366035194,38,8,0.07680608391433785,NORMAL
2026-09-07 11:22:01.495490,50.0,50.0,0.0,0.0,3950.0,18.4275,34.9795,0.0,0.0,0.0,0.0,1,0.0,NORMAL
2026-09-07T11:22:01.654130,39366,11541,10,2.2993853290817325,6.224662616568114,48,7,0.006507765834898427,NORMAL
2026-09-07T11:22:02.656831,39386,11568,30,3.0580206566357995,13.478772324899413,20,27,0.021699261423082483,NORMAL
2026-09-07T11:22:03.660267,39455,11587,44,5.25564956667083,12.075678187069183,69,19,0.2915902833433548,NORMAL
2026-09-07T11:22:04.661773,39521,11610,28,24.86353345234767,115.5169519674541,66,23,0.818655964864546,ANOMALY
2026-09-07T11:22:05.664432,39567,11622,11,1.5456826225292715,8.82081748496915,46,12,0.11031716483935891,NORMAL
2026-09-07 11:22:06.578028,50.0,50.0,0.0,0.0,3950.0,18.4275,34.9795,0.0,0.0,0.0,0.0,1,0.0,NORMAL
2026-09-07T11:22:06.666984,39636,11649,21,1.6479294356428853,14.368815026785294,69,27,0.08641360641863903,NORMAL
2026-09-07T11:22:07.668884,39701,11679,5,1.2130529685152471,22.437167828894722,65,30,0.19606919105131648,NORMAL
2026-09-07T11:22:08.670555,39797,11702,32,2.9997050005688455,29.30236839121441,96,23,0.2599378051041751,NORMAL
2026-09-07T11:22:09.679539,39833,11713,41,4.509096081713059,18.29432999538193,36,11,0.0580284402341339,NORMAL
2026-09-07T11:22:10.684496,39893,11733,13,6.082963789888899,14.826301901734755,60,20,0.004290879437731798,NORMAL
2026-09-07T11:22:11.687802,39974,11758,31,6.168767273714511,29.20178943923821,81,25,0.11889199607499412,NORMAL
2026-09-07 11:22:11.652147,50.0,50.0,0.0,0.0,3950.0,18.4275,34.9795,0.0,0.0,0.0,0.0,1,0.0,NORMAL
2026-09-07T11:22:12.692191,40002,11779,6,1.5725104810368107,24.537020075577697,28,21,0.2933559773354752,NORMAL
2026-09-07T11:22:13.698137,40027,11795,24,5.4729645119141725,14.354623642802744,25,16,0.015424801829091483,NORMAL
2026-09-07T11:22:14.702866,40050,11825,23,6.02277441807636,8.573993232737955,23,30,0.17681186614156075,NORMAL
2026-09-07T11:22:15.709518,40142,11846,22,1.29607113455322,26.861103997414936,92,21,0.04383955426033199,NORMAL
2026-09-07T11:22:16.715458,40184,11859,28,3.4050140577705474,12.958030124606841,42,13,0.2220541308836262,NORMAL
2026-09-07 11:22:16.763935,50.0,50.0,0.0,0.0,3950.0,18.4275,34.9795,0.0,0.0,0.0,0.0,1,0.0,NORMAL
2026-09-07T11:22:17.717383,40230,11883,46,2.801102439543267,29.560650904670787,46,24,0.10450769603322276,NORMAL
2026-09-07T11:22:18.718886,40301,11906,13,3.6007706151241097,12.608592336923866,71,23,0.043833094808089064,NORMAL
2026-09-07T11:22:19.723725,40332,11921,32,2.6430882780719167,23.918544937397925,31,15,0.1394241021622937,NORMAL
2026-09-07T11:22:20.727605,40409,11945,9,6.403256183769875,6.446872931450829,77,24,0.10874383561230541,NORMAL
2026-09-07T11:22:21.736445,40461,11956,7,2.8167511576535684,7.069806769556506,52,11,0.21958365283153097,NORMAL
2026-09-07 11:22:21.851715,50.0,50.0,0.0,0.0,3950.0,18.4275,34.9795,0.0,0.0,0.0,0.0,1,0.0,NORMAL
2026-09-07T11:22:22.740792,40501,11967,40,2.6708033530639907,9.704864507289075,40,11,0.028921566856980704,NORMAL
2026-09-07T11:22:23.744010,40524,11973,140,18.98441091328906,89.66104905442378,23,6,0.8087480205450536,ANOMALY
2026-09-07T11:22:24.745962,40580,11993,11,7.443431222195802,20.37565983417908,56,20,0.19861174164437456,NORMAL
2026-09-07T11:22:25.753034,40651,11999,35,3.6669664422171344,6.1640084304331335,71,6,0.004628569401034698,NORMAL
2026-09-07T11:22:26.757002,40740,12024,8,6.44669891597598,7.215278298873999,89,25,0.035906143949519416,NORMAL
2026-09-07 11:22:26.929379,50.0,50.0,0.0,0.0,3950.0,18.4275,34.9795,0.0,0.0,0.0,0.0,1,0.0,NORMAL
2026-09-07T11:22:27.765736,40813,12051,49,1.1092394353532995,21.851071580903263,73,27,0.12566799772073392,NORMAL
2026-09-07T11:22:28.768404,40872,12071,235,26.94145486504215,79.81222419987044,59,20,0.8010184582072637,ANOMALY
2026-09-07T11:22:29.771529,40956,12092,18,7.411808315672655,8.013879471402419,84,21,0.17655151336976077,NORMAL
2026-09-07T11:22:30.775045,41037,12119,47,4.069262496282548,9.171322870450409,81,27,0.03597178881854935,NORMAL
2026-09-07T11:22:31.777715,41092,12127,39,7.060819475414887,14.762403433945192,55,8,0.02652357020712378,NORMAL
2026-09-07 11:22:31.994618,50.0,50.0,0.0,0.0,3950.0,18.4275,34.9795,0.0,0.0,0.0,0.0,1,0.0,NORMAL
2026-09-07T11:22:32.782587,41173,12141,27,4.5305916249364335,7.708356713386042,81,14,0.1562667099591883,NORMAL
2026-09-07T11:22:33.785989,41256,12164,11,1.7223131895339907,27.706620173502586,83,23,0.11268930345411537,NORMAL
2026-09-07T11:22:34.795857,41307,12169,10,7.081386277565531,21.654398842341074,51,5,0.15058817367929367,NORMAL
2026-09-07T11:22:35.798051,41399,12198,36,1.1145483125200046,6.609065822281777,92,29,0.2003950746357606,NORMAL
2026-09-07T11:22:36.800999,41487,12224,28,2.696864893172402,10.35051380470848,88,26,0.09203188352994093,NORMAL
2026-09-07 11:22:37.069535,50.0,50.0,0.0,0.0,3950.0,18.4275,34.9795,0.0,0.0,0.0,0.0,1,0.0,NORMAL
2026-09-07T11:22:37.802879,41523,12233,44,7.840749807305052,12.390414715217847,36,9,0.2497948666790734,NORMAL
2026-09-07T11:22:38.805083,41568,12260,6,4.917470922498463,6.9918381282195305,45,27,0.20511645377581408,NORMAL
2026-09-07T11:22:39.806957,41603,12275,46,1.6919219625758877,9.017365722123056,35,15,0.16416464956444593,NORMAL
2026-09-07T11:22:40.808938,41689,12298,28,5.974239819688001,29.650941517711296,86,23,0.10328664300841134,NORMAL
2026-09-07T11:22:41.810546,41712,12321,23,4.0632345776311425,26.84625148369534,23,23,0.02983279547155988,NORMAL
2026-09-07 11:22:42.181806,50.0,50.0,0.0,0.0,3950.0,18.4275,34.9795,0.0,0.0,0.0,0.0,1,0.0,NORMAL
2026-09-07T11:22:42.813503,41770,12339,11,3.138491576264829,16.24259105094317,58,18,0.16850972015135923,NORMAL
2026-09-07T11:22:43.816459,41855,12356,20,4.790932091792284,11.573895761020651,85,17,0.2620879434046373,NORMAL
2026-09-07T11:22:44.822144,41945,12373,45,5.203670986935821,11.07890433881191,90,17,0.06578871921618658,NORMAL
2026-09-07T11:22:45.826833,42010,12390,11,2.6292313431139682,19.86338299412197,65,17,0.05585210359449674,NORMAL
2026-09-07T11:22:46.830639,42052,12420,7,2.2962192722856902,16.925387353610454,42,30,0.0403827289743986,NORMAL
2026-09-07 11:22:47.290042,50.0,50.0,0.0,0.0,3950.0,18.4275,34.9795,0.0,0.0,0.0,0.0,1,0.0,NORMAL
2026-09-07T11:22:47.832971,42148,12436,21,1.315181477906473,7.696229679685419,96,16,0.10609980834899914,NORMAL
2026-09-07T11:22:48.834415,42192,12451,21,6.977329078143298,25.003669898460224,44,15,0.01263267526212437,NORMAL
2026-09-07T11:22:49.838274,42269,12466,23,7.075328241418726,7.130616562054316,77,15,0.0359775883936713,NORMAL
2026-09-07T11:22:50.844250,42350,12494,8,1.5103521875265264,20.594937027953318,81,28,0.2825877177295871,NORMAL
2026-09-07T11:22:51.846849,42405,12501,28,7.894534948601199,6.009116237704141,55,7,0.23167755198719836,NORMAL
2026-09-07 11:22:52.375120,50.0,50.0,0.0,0.0,3950.0,18.4275,34.9795,0.0,0.0,0.0,0.0,1,0.0,NORMAL
2026-09-07T11:22:52.848420,42445,12527,13,4.488696575879204,5.509434183070673,40,26,0.036005835329564084,NORMAL
2026-09-07T11:22:53.851625,42542,12532,49,1.6814395268697706,29.039817173648423,97,5,0.20333214679981035,NORMAL
2026-09-07T11:22:54.853440,42599,12548,9,7.382747759532979,29.065526834273776,57,16,0.25120303627666685,NORMAL
2026-09-07T11:22:55.855903,42676,12568,22,7.581280659692749,20.499917141082,77,20,0.14921210692014364,NORMAL
2026-09-07T11:22:56.857326,42764,12588,10,7.246350124957473,25.27038520421622,88,20,0.09469461125879264,NORMAL
2026-09-07 11:22:57.493497,50.0,50.0,0.0,0.0,3950.0,18.4275,34.9795,0.0,0.0,0.0,0.0,1,0.0,NORMAL
2026-09-07T11:22:57.860346,42837,12594,40,4.2057597955808985,15.43306736568386,73,6,0.09839224891615268,NORMAL
2026-09-07T11:22:58.863555,42897,12619,14,1.6381257555299054,25.965573206561338,60,25,0.08237554186176317,NORMAL
2026-09-07T11:22:59.866572,42976,12627,48,1.1126147146991228,5.5229085221916865,79,8,0.08509270736567354,NORMAL
2026-09-07T11:23:00.867881,43071,12644,21,4.882306461041946,28.021807104398032,95,17,0.02317868671725872,NORMAL
2026-09-07T11:23:01.870736,43167,12667,16,5.831160772698934,5.479606142565686,96,23,0.06489285699014948,NORMAL
2026-09-07 11:23:02.579204,50.0,50.0,0.0,0.0,3950.0,18.4275,34.9795,0.0,0.0,0.0,0.0,1,0.0,NORMAL
2026-09-07T11:23:02.873485,43235,12675,19,3.4188759844634125,13.7379009197828,68,8,0.12859421898405518,NORMAL
2026-09-07T11:23:03.875865,43259,12691,24,6.666380507293559,19.480433939614876,24,16,0.045876552300224936,NORMAL
2026-09-07T11:23:04.877494,43292,12696,28,7.327212012246511,28.58143930019092,33,5,0.00667094600157051,NORMAL
2026-09-07T11:23:05.880439,43336,12704,26,4.937134628705535,28.984721997761017,44,8,0.2831362075558123,NORMAL
2026-09-07T11:23:06.882305,43423,12724,36,7.833606629050925,21.593679370193236,87,20,0.19919161206819846,NORMAL
2026-09-07 11:23:07.655830,50.0,50.0,0.0,0.0,3950.0,18.4275,34.9795,0.0,0.0,0.0,0.0,1,0.0,NORMAL
2026-09-07T11:23:07.885570,43498,12734,190,31.084930664741684,109.63064660463097,75,10,0.9698027043596652,ANOMALY
2026-09-07T11:23:08.887456,43537,12758,21,3.0869876333440462,21.278035346361193,39,24,0.0331610683325142,NORMAL
2026-09-07T11:23:09.890814,43571,12783,19,6.379488537832556,21.356252761199393,34,25,0.18679211247158803,NORMAL
2026-09-07T11:23:10.892767,43594,12798,46,6.35522886533263,11.085557947686246,23,15,0.2893509115249518,NORMAL
2026-09-07T11:23:11.896407,43686,12808,13,1.1697879406767446,29.67094091182186,92,10,0.28814001883582346,NORMAL
2026-09-07 11:23:12.728478,50.0,50.0,0.0,0.0,3950.0,18.4275,34.9795,0.0,0.0,0.0,0.0,1,0.0,NORMAL
2026-09-07T11:23:12.901095,43762,12821,38,6.359796921997226,7.088627773610524,76,13,0.0348294816221699,NORMAL
2026-09-07T11:23:13.908489,43804,12837,21,6.302950863305482,17.304326370931072,42,16,0.05421567441832441,NORMAL
2026-09-07T11:23:14.910259,43831,12854,40,7.95715101472265,29.82017900349287,27,17,0.1599909927289984,NORMAL
2026-09-07T11:23:15.912437,43924,12869,42,4.689018563949805,15.722794818767213,93,15,0.12750509833496565,NORMAL
2026-09-07T11:23:16.916522,43955,12875,25,5.104309104825068,7.360133860632288,31,6,0.2095053703498464,NORMAL
2026-09-07 11:23:17.803123,50.0,50.0,0.0,0.0,3950.0,18.4275,34.9795,0.0,0.0,0.0,0.0,1,0.0,NORMAL
2026-09-07T11:23:17.923187,43995,12894,246,15.715358944187535,118.50530558259423,40,19,0.9716055989545467,ANOMALY
2026-09-07T11:23:18.924773,44043,12919,9,1.8205279791300717,10.686054798480427,48,25,0.04966456142990228,NORMAL
2026-09-07T11:23:19.926784,44136,12928,42,6.703721675095288,14.138609661314078,93,9,0.023587889651345274,NORMAL
2026-09-07T11:23:20.928186,44218,12955,16,6.273350218610396,16.460086146896856,82,27,0.04900438323861404,NORMAL
2026-09-07T11:23:21.930109,44285,12980,33,7.4576400562432275,22.1890682256885,67,25,0.27013184818177405,NORMAL
2026-09-07T11:23:22.940567,44381,13004,43,4.037799714007878,8.38524315992435,96,24,0.23513202331546149,NORMAL
2026-09-07 11:23:22.882126,50.0,50.0,0.0,0.0,3950.0,18.4275,34.9795,0.0,0.0,0.0,0.0,1,0.0,NORMAL
2026-09-07T11:23:23.944914,44410,13023,29,6.999384618083146,9.704715416202843,29,19,0.24825529171312044,NORMAL
2026-09-07T11:23:24.946319,44472,13040,45,5.824426855593115,17.7854525047623,62,17,0.13346808580745567,NORMAL
2026-09-07T11:23:25.949621,44553,13058,13,6.435917066370363,27.902218140932572,81,18,0.12812962910280687,NORMAL
2026-09-07T11:23:26.951415,44617,13081,45,11.187621193378526,120.33796366394483,64,23,0.8249928831265245,ANOMALY
2026-09-07T11:23:27.954613,44662,13089,11,2.685421016341124,23.296650160475348,45,8,0.16284756221932514,NORMAL
2026-09-07 11:23:27.955739,50.0,50.0,0.0,0.0,3950.0,18.4275,34.9795,0.0,0.0,0.0,0.0,1,0.0,NORMAL
2026-09-07T11:23:28.957408,44703,13114,34,4.454342685476167,27.895290425468108,41,25,0.0002264425948557469,NORMAL
2026-09-07T11:23:29.960792,44727,13129,44,3.6884251419266088,27.10745011505729,24,15,0.20869435294017913,NORMAL
2026-09-07T11:23:30.963216,44792,13157,38,3.4522840820322998,17.274280815142177,65,28,0.20331865452464426,NORMAL
2026-09-07T11:23:31.965406,44822,13187,18,3.101896537922931,22.758209704418814,30,30,0.2600221313075714,NORMAL
2026-09-07T11:23:32.968070,44863,13208,42,2.0383964693289385,14.030330284091692,41,21,0.12610566067786524,NORMAL
2026-09-07 11:23:33.052877,50.0,50.0,0.0,0.0,3950.0,18.4275,34.9795,0.0,0.0,0.0,0.0,1,0.0,NORMAL
2026-09-07T11:23:33.970197,44957,13218,48,6.7405042342099355,12.909372429123845,94,10,0.20217299796256513,NORMAL
2026-09-07T11:23:34.971623,45016,13239,49,2.974265087852718,25.423274748886552,59,21,0.11710234372121396,NORMAL
2026-09-07T11:23:35.981496,45062,13268,40,6.284357603059254,85.61021418680801,46,29,0.8731808912071473,ANOMALY
2026-09-07T11:23:36.984574,45144,13292,28,7.567082370509035,20.298270283998363,82,24,0.1827275067355408,NORMAL
2026-09-07T11:23:37.986735,45187,13317,44,5.755848167089339,19.613540544396493,43,25,0.2697847670346899,NORMAL
2026-09-07 11:23:38.135876,50.0,50.0,0.0,0.0,3950.0,18.4275,34.9795,0.0,0.0,0.0,0.0,1,0.0,NORMAL
2026-09-07T11:23:38.992186,45248,13327,47,1.7571022398367546,19.081225810210462,61,10,0.1441491622881562,NORMAL
2026-09-07T11:23:39.994041,45277,13340,41,3.9957229666916336,18.115426935074325,29,13,0.16619338554323937,NORMAL
2026-09-07T11:23:40.996703,45341,13364,25,6.3606225232021,9.481646170326536,64,24,0.2438558154356088,NORMAL
2026-09-07T11:23:41.999839,45401,13386,50,6.456429664536889,9.817927386743223,60,22,0.23827218326125338,NORMAL
2026-09-07T11:23:43.003707,45496,13402,16,7.69172293989663,16.59772079536109,95,16,0.16642225146470585,NORMAL
2026-09-07 11:23:43.302549,50.0,50.0,0.0,0.0,3950.0,18.4275,34.9795,0.0,0.0,0.0,0.0,1,0.0,NORMAL
2026-09-07T11:23:44.004467,45571,13414,38,5.788400129844824,28.373025675761088,75,12,0.2940554888749363,NORMAL
2026-09-07T11:23:45.005407,45641,13442,9,6.768470641660777,6.462704676467888,70,28,0.17320328268634064,NORMAL
2026-09-07T11:23:46.006633,45668,13453,9,2.6142775253082706,8.704950393764053,27,11,0.14813990727160015,NORMAL
2026-09-07T11:23:47.007515,45753,13463,11,5.850565508163138,7.624668655197124,85,10,0.1801821871258431,NORMAL
2026-09-07T11:23:48.009234,45785,13468,32,4.589722680780696,23.315293191203985,32,5,0.006882075642310803,NORMAL
2026-09-07 11:23:48.367759,50.0,50.0,0.0,0.0,3950.0,18.4275,34.9795,0.0,0.0,0.0,0.0,1,0.0,NORMAL
2026-09-07T11:23:49.010124,45862,13481,10,4.648667835250485,10.239324077836061,77,13,0.1312575864711772,NORMAL
2026-09-07T11:23:50.012259,45953,13510,25,2.744063127373745,8.363532938428595,91,29,0.06729289003977454,NORMAL
2026-09-07T11:23:51.013378,46029,13533,40,2.2973194222938473,25.29950557560306,76,23,0.058555214266483,NORMAL
2026-09-07T11:23:52.014063,46120,13556,38,5.36960337996168,29.1181079213042,91,23,0.29133202958981486,NORMAL
2026-09-07T11:23:53.015157,46145,13579,18,7.0016018007107625,13.208029075734958,25,23,0.1698092043929307,NORMAL
2026-09-07 11:23:53.432661,50.0,50.0,0.0,0.0,3950.0,18.4275,34.9795,0.0,0.0,0.0,0.0,1,0.0,NORMAL
2026-09-07T11:23:54.016706,46179,13600,20,5.180304702148812,18.1989045468272,34,21,0.09733484813469624,NORMAL
2026-09-07T11:23:55.017524,46230,13610,50,3.2158758422612435,5.601054439787624,51,10,0.2626183312707286,NORMAL
2026-09-07T11:23:56.018863,46321,13615,46,3.3316861398219357,25.604529593594407,91,5,0.29979963805448734,NORMAL
2026-09-07T11:23:57.019984,46395,13633,17,5.293970767946227,26.484835772143995,74,18,0.243645305960227,NORMAL
2026-09-07T11:23:58.022243,46479,13663,5,2.554598902303016,17.37975281156794,84,30,0.2957874505549634,NORMAL
2026-09-07 11:23:58.499159,50.0,50.0,0.0,0.0,3950.0,18.4275,34.9795,0.0,0.0,0.0,0.0,1,0.0,NORMAL
2026-09-07T11:23:59.023417,46575,13674,46,5.061060061648379,8.584607658972693,96,11,0.29540786755783216,NORMAL
2026-09-07T11:24:00.024816,46605,13699,47,6.970425948265947,18.994660835887206,30,25,0.1750635200907276,NORMAL
2026-09-07T11:24:01.025972,46649,13708,10,5.591805021185065,14.629257960508719,44,9,0.29013116583006004,NORMAL
2026-09-07T11:24:02.026695,46741,13718,36,7.593172736566546,13.670957634738427,92,10,0.11360493525282352,NORMAL
2026-09-07T11:24:03.027571,46834,13747,150,52.57599004581752,25.89793127608063,93,29,0.8131799671433807,ANOMALY
2026-09-07 11:24:03.542790,50.0,50.0,0.0,0.0,3950.0,18.4275,34.9795,0.0,0.0,0.0,0.0,1,0.0,NORMAL
2026-09-07T11:24:04.028455,46894,13773,32,1.429308176238333,23.903903398161255,60,26,0.1973880593212075,NORMAL
2026-09-07T11:24:05.029120,46922,13780,48,1.3323702223349025,26.79546540084618,28,7,0.17599765050001973,NORMAL
2026-09-07T11:24:06.030360,46976,13803,20,6.792897577528975,28.464402607090467,54,23,0.14124639867814154,NORMAL
2026-09-07T11:24:07.033160,47021,13817,41,3.3321053101081937,27.378274749727534,45,14,0.07449127009045976,NORMAL
2026-09-07T11:24:08.034470,47091,13830,23,1.7448717828221374,9.046032733239135,70,13,0.2664634006266012,NORMAL
2026-09-07 11:24:08.601605,50.0,50.0,0.0,0.0,3950.0,18.4275,34.9795,0.0,0.0,0.0,0.0,1,0.0,NORMAL
2026-09-07T11:24:09.035439,47172,13854,16,7.278063653882192,28.800498190677875,81,24,0.022730806061832143,NORMAL
2026-09-07T11:24:10.036530,47226,13866,37,2.0810795395430572,18.78122932704698,54,12,0.26273433953521524,NORMAL
2026-09-07T11:24:11.039285,47246,13877,30,1.039251142959611,19.0298803130108,20,11,0.07825810787430472,NORMAL
2026-09-07T11:24:12.040337,47301,13890,49,3.266985537882006,5.154004041501002,55,13,0.12083589746451874,NORMAL
2026-09-07T11:24:13.041333,47353,13914,42,6.931882564170259,25.998809582659913,52,24,0.08206017346258594,NORMAL
2026-09-07 11:24:13.658066,50.0,50.0,0.0,0.0,3950.0,18.4275,34.9795,0.0,0.0,0.0,0.0,1,0.0,NORMAL
2026-09-07T11:24:14.042799,47406,13926,16,7.303262992246502,23.49104345840181,53,12,0.2993276322673339,NORMAL
2026-09-07T11:24:15.043968,47494,13944,5,3.0967985578912263,24.34540714011791,88,18,0.08894919236888654,NORMAL
2026-09-07T11:24:16.044988,47587,13971,21,6.07059387284751,19.136660669431112,93,27,0.03226541511742045,NORMAL
2026-09-07T11:24:17.046115,47670,13988,6,5.018328233080017,12.079797036260047,83,17,0.10019516339939194,NORMAL
2026-09-07T11:24:18.047203,47761,14011,13,5.176958540385131,24.332506323522296,91,23,0.16609367044319875,NORMAL
2026-09-07 11:24:18.722906,50.0,50.0,0.0,0.0,3950.0,18.4275,34.9795,0.0,0.0,0.0,0.0,1,0.0,NORMAL
2026-09-07T11:24:19.048305,47805,14041,43,2.2878163995219594,17.893822350862926,44,30,0.05562552471110457,NORMAL
2026-09-07T11:24:20.050872,47843,14054,264,6.137664236632473,76.29590276822502,38,13,0.9856564202097543,ANOMALY
2026-09-07T11:24:21.052162,47906,14070,5,7.575236521642369,25.932101946600294,63,16,0.21846488395901742,NORMAL
2026-09-07T11:24:22.053688,47938,14079,7,4.089942480001911,21.295967203712067,32,9,0.13399944212573364,NORMAL
2026-09-07T11:24:23.055181,48015,14086,50,6.4987320316613495,5.587877439016382,77,7,0.21028203885949373,NORMAL
2026-09-07 11:24:23.782591,50.0,50.0,0.0,0.0,3950.0,18.4275,34.9795,0.0,0.0,0.0,0.0,1,0.0,NORMAL
2026-09-07T11:24:24.056157,48056,14104,19,6.601041339022409,10.058712695151861,41,18,0.12521779473711434,NORMAL
2026-09-07T11:24:25.057095,48078,14115,39,4.10838585061064,14.42137171015667,22,11,0.2652995148654396,NORMAL
2026-09-07T11:24:26.058396,48125,14143,30,26.111912060986988,22.912386932492108,47,28,0.8947245331743414,ANOMALY
2026-09-07T11:24:27.060399,48148,14172,42,1.1547369718007907,20.835385762116086,23,29,0.24982031596719562,NORMAL
2026-09-07T11:24:28.061703,48235,14177,198,42.44008600034285,62.14108026524706,87,5,0.9076945704233478,ANOMALY
2026-09-07 11:24:28.847221,50.0,50.0,0.0,0.0,3950.0,18.4275,34.9795,0.0,0.0,0.0,0.0,1,0.0,NORMAL
2026-09-07T11:24:29.062692,48293,14187,31,6.7226250343110685,23.011048631818994,58,10,0.008146622211396148,NORMAL
2026-09-07T11:24:30.064075,48372,14205,31,1.6163764355463093,8.014801638936673,79,18,0.2292334717049165,NORMAL
2026-09-07T11:24:31.064764,48420,14234,37,4.157587785429898,6.292979555628692,48,29,0.24031732124482602,NORMAL
2026-09-07T11:24:32.065851,48511,14244,28,7.338421618155451,7.036101266629228,91,10,0.15117675116190224,NORMAL
2026-09-07T11:24:33.066731,48571,14262,14,1.7123691020765235,20.270588690404296,60,18,0.054190395831014856,NORMAL
2026-09-07 11:24:33.963301,50.0,50.0,0.0,0.0,3950.0,18.4275,34.9795,0.0,0.0,0.0,0.0,1,0.0,NORMAL
2026-09-07T11:24:34.067956,48629,14278,39,3.126733634974361,6.748173960737501,58,16,0.030103227998445625,NORMAL
2026-09-07T11:24:35.068556,48700,14285,10,2.954245005259917,16.996091452465137,71,7,0.22863088334685072,NORMAL
2026-09-07T11:24:36.069875,48767,14305,24,3.9704270950425284,6.492695543774464,67,20,0.14039941388738789,NORMAL
2026-09-07T11:24:37.070968,48867,14333,13,5.792717292902817,22.99691438782112,100,28,0.2362825999826291,NORMAL
2026-09-07T11:24:38.072185,48894,14352,49,4.8373971403816,13.948591378313026,27,19,0.17889726129339312,NORMAL
2026-09-07T11:24:39.073607,48949,14363,22,7.391600742462178,18.053820275298243,55,11,0.03760747728908163,NORMAL
2026-09-07 11:24:39.030842,50.0,50.0,0.0,0.0,3950.0,18.4275,34.9795,0.0,0.0,0.0,0.0,1,0.0,NORMAL
2026-09-07T11:24:40.075283,49027,14368,38,1.7641960962031624,25.082673693771273,78,5,0.14189187145009216,NORMAL
2026-09-07T11:24:41.076759,49116,14381,19,1.0734416402817626,19.26620471682,89,13,0.21382439971811162,NORMAL
2026-09-07T11:24:42.077940,49186,14402,34,3.207106584213392,16.357780750759378,70,21,0.2230067829146735,NORMAL
2026-09-07T11:24:43.080281,49217,14416,27,1.9891186094880737,11.438631116768583,31,14,0.2684752251837883,NORMAL
2026-09-07T11:24:44.081579,49296,14421,44,6.963655960876702,25.61645914671521,79,5,0.18689695691237976,NORMAL
2026-09-07 11:24:44.093562,50.0,50.0,0.0,0.0,3950.0,18.4275,34.9795,0.0,0.0,0.0,0.0,1,0.0,NORMAL
2026-09-07T11:24:45.082614,49332,14443,25,36.76073792817456,80.62095048623162,36,22,0.9145930254358947,ANOMALY
2026-09-07T11:24:46.083532,49373,14465,8,3.183387393587875,28.568897667467798,41,22,0.18518638968894888,NORMAL
2026-09-07T11:24:47.084582,49417,14490,10,2.758275542944621,9.953850249161434,44,25,0.2764225848389027,NORMAL
2026-09-07T11:24:48.085459,49485,14497,43,2.99612432682774,5.0495299749105005,68,7,0.1623271826792533,NORMAL
2026-09-07T11:24:49.087104,49575,14511,28,4.4022063140558005,8.882960924543877,90,14,0.07369102510219001,NORMAL
2026-09-07 11:24:49.167408,50.0,50.0,0.0,0.0,3950.0,18.4275,34.9795,0.0,0.0,0.0,0.0,1,0.0,NORMAL
2026-09-07T11:24:50.088056,49637,14518,10,3.8870994751964725,25.244551643453455,62,7,0.29832628725412974,NORMAL
2026-09-07T11:24:51.090305,49725,14544,10,1.5352755507774583,28.31214069314403,88,26,0.015984415017148812,NORMAL
2026-09-07T11:24:52.091838,49820,14554,28,4.647870734178602,8.827737215298951,95,10,0.28786692794216306,NORMAL
2026-09-07T11:24:53.093254,49851,14575,17,2.8576966878736343,28.154746269423885,31,21,0.10086302439747015,NORMAL
2026-09-07T11:24:54.095802,49946,14593,24,3.9326177496721977,22.428684408505315,95,18,0.00824203212981338,NORMAL
2026-09-07 11:24:54.239605,50.0,50.0,0.0,0.0,3950.0,18.4275,34.9795,0.0,0.0,0.0,0.0,1,0.0,NORMAL
2026-09-07T11:24:55.096872,49985,14601,34,4.511681349029612,10.50811954466381,39,8,0.2687455608230135,NORMAL
2026-09-07T11:24:56.097587,50055,14610,84,52.53288624105891,63.856769209907874,70,9,0.9220012428720349,ANOMALY
2026-09-07T11:24:57.098706,50088,14626,21,7.886172983830592,13.519770601655896,33,16,0.15561233195559068,NORMAL
2026-09-07T11:24:58.099559,50108,14647,12,5.663106256185489,20.921692664062107,20,21,0.017775445862763816,NORMAL
2026-09-07T11:24:59.101113,50153,14668,22,3.834477176298991,20.355531422327218,45,21,0.2486631843846676,NORMAL
2026-09-07 11:24:59.292007,50.0,50.0,0.0,0.0,3950.0,18.4275,34.9795,0.0,0.0,0.0,0.0,1,0.0,NORMAL
2026-09-07T11:25:00.102333,50241,14674,40,1.0879419042222715,12.152330881033484,88,6,0.2601087204855432,NORMAL
2026-09-07T11:25:01.103779,50297,14700,48,6.435192800024027,10.691577880745843,56,26,0.1565736334629414,NORMAL
2026-09-07T11:25:02.104609,50397,14718,8,3.3699134104018804,22.242088756377484,100,18,0.19744329747243383,NORMAL
2026-09-07T11:25:03.105703,50455,14736,46,2.1132735494590316,23.984203026270134,58,18,0.01571083396075019,NORMAL
2026-09-07T11:25:04.106783,50494,14764,46,4.298386046553311,25.004599481835722,39,28,0.18429972240566656,NORMAL
2026-09-07 11:25:04.368830,50.0,50.0,0.0,0.0,3950.0,18.4275,34.9795,0.0,0.0,0.0,0.0,1,0.0,NORMAL
2026-09-07T11:25:05.107674,50567,14779,14,1.1841471717459866,25.418113691198027,73,15,0.2765042408978193,NORMAL
2026-09-07T11:25:06.109142,50589,14784,33,6.087017067616304,28.464468048256222,22,5,0.11901216947156477,NORMAL
2026-09-07T11:25:07.110581,50676,14812,7,7.675572215951019,16.435471367777513,87,28,0.22456650838503972,NORMAL
2026-09-07T11:25:08.112140,50732,14841,24,4.875854008668908,28.643107879506417,56,29,0.27891900235894657,NORMAL
2026-09-07T11:25:09.113107,50803,14871,152,40.68076299512803,35.44722387595981,71,30,0.9260087883133238,ANOMALY
2026-09-07 11:25:09.443400,50.0,50.0,0.0,0.0,3950.0,18.4275,34.9795,0.0,0.0,0.0,0.0,1,0.0,NORMAL
2026-09-07T11:25:10.114220,50870,14887,180,16.36672430934132,150.36294374064784,67,16,0.9664115914523617,ANOMALY
2026-09-07T11:25:11.114870,50896,14896,17,1.0510350946292355,20.449793584968134,26,9,0.1342440159150158,NORMAL
2026-09-07T11:25:12.115899,50977,14916,36,7.048914030556469,18.48344059365654,81,20,0.17644975724765816,NORMAL
2026-09-07T11:25:13.117148,51053,14928,14,1.0605646026596967,9.86359974435431,76,12,0.1749855392373228,NORMAL
2026-09-07T11:25:14.118222,51077,14942,9,6.77280724055088,18.428955757249874,24,14,0.1586113256444775,NORMAL
2026-09-07 11:25:14.492835,50.0,50.0,0.0,0.0,3950.0,18.4275,34.9795,0.0,0.0,0.0,0.0,1,0.0,NORMAL
2026-09-07T11:25:15.119860,51124,14948,34,2.7300371187463885,28.69671867497483,47,6,0.14384829910907693,NORMAL
2026-09-07T11:25:16.121051,51220,14954,100,13.378805166067073,97.21019071749498,96,6,0.9719863035603921,ANOMALY
2026-09-07T11:25:17.122678,51276,14964,45,2.0633018465382325,13.994438755463143,56,10,0.1901914047493076,NORMAL
2026-09-07T11:25:18.127143,51349,14976,14,6.844374312030921,26.35659208276257,73,12,0.1307516265022721,NORMAL
2026-09-07T11:25:19.128025,51388,14983,50,5.801191090242093,28.68336962436176,39,7,0.23313987399982347,NORMAL
2026-09-07 11:25:19.554983,50.0,50.0,0.0,0.0,3950.0,18.4275,34.9795,0.0,0.0,0.0,0.0,1,0.0,NORMAL
2026-09-07T11:25:20.128914,51439,14995,40,4.295800645302133,21.232913262154216,51,12,0.2297692210212184,NORMAL
2026-09-07T11:25:21.129938,51525,15017,18,6.067734129819323,28.958465813558455,86,22,0.10934139048584918,NORMAL
2026-09-07T11:25:22.130891,51564,15045,34,5.3928008235209255,29.667714282225763,39,28,0.0904111993893999,NORMAL
2026-09-07T11:25:23.132644,51602,15059,30,5.496830240342604,20.658747110403826,38,14,0.14476810756599987,NORMAL
2026-09-07T11:25:24.133891,51630,15065,28,7.5976791255114255,5.618755053539388,28,6,0.10648777180230011,NORMAL
2026-09-07 11:25:24.657634,50.0,50.0,0.0,0.0,3950.0,18.4275,34.9795,0.0,0.0,0.0,0.0,1,0.0,NORMAL
2026-09-07T11:25:25.135040,51701,15091,45,6.719407297649406,6.624448401781345,71,26,0.29526148641928507,NORMAL
2026-09-07T11:25:26.136428,51751,15099,19,6.036883067734617,8.252411335861519,50,8,0.284974454265928,NORMAL
2026-09-07T11:25:27.137648,51838,15119,18,2.761484811761993,19.722895480675543,87,20,0.0018888538106334395,NORMAL
2026-09-07T11:25:28.139078,51878,15132,27,6.981398487603301,5.787526649359474,40,13,0.008486629807154067,NORMAL
2026-09-07T11:25:29.140311,51961,15138,27,1.127045044909781,23.41410753234417,83,6,0.06338803332087396,NORMAL
2026-09-07 11:25:29.754803,50.0,50.0,0.0,0.0,3950.0,18.4275,34.9795,0.0,0.0,0.0,0.0,1,0.0,NORMAL
2026-09-07T11:25:30.142660,52046,15146,12,1.8854482545604252,25.329780093040554,85,8,0.2126739254279772,NORMAL
2026-09-07T11:25:31.143495,52144,15169,25,5.945779762373102,27.554576508304493,98,23,0.25106771999210425,NORMAL
2026-09-07T11:25:32.144371,52170,15186,14,3.6036046205184693,14.81397920817168,26,17,0.17036967948791637,NORMAL
2026-09-07T11:25:33.145202,52238,15192,8,1.8191023599130072,26.620152272077384,68,6,0.039561003714313966,NORMAL
2026-09-07T11:25:34.146729,52322,15199,20,1.605843459716299,14.370944941863183,84,7,0.09736587123448469,NORMAL
2026-09-07 11:25:34.815943,50.0,50.0,0.0,0.0,3950.0,18.4275,34.9795,0.0,0.0,0.0,0.0,1,0.0,NORMAL
2026-09-07T11:25:35.148539,52396,15213,12,7.75190190957655,5.373591139896709,74,14,0.10928084972176261,NORMAL
2026-09-07T11:25:36.150273,52483,15227,46,7.695312202114866,15.4783081511923,87,14,0.17753264904247493,NORMAL
2026-09-07T11:25:37.151191,52559,15245,37,2.8505628422046203,28.883525588564453,76,18,0.02162627057513299,NORMAL
2026-09-07T11:25:38.155250,52623,15250,31,5.238313126580764,26.289835756078105,64,5,0.0513217225085569,NORMAL
2026-09-07T11:25:39.156317,52702,15279,90,45.96844912584752,92.38043654551991,79,29,0.9240462735601044,ANOMALY
2026-09-07 11:25:39.894277,50.0,50.0,0.0,0.0,3950.0,18.4275,34.9795,0.0,0.0,0.0,0.0,1,0.0,NORMAL
2026-09-07T11:25:40.157488,52784,15298,22,5.9196361967732525,5.379297265512826,82,19,0.21619939348207953,NORMAL
2026-09-07T11:25:41.160399,52804,15315,47,3.5512036936787483,16.466876970607125,20,17,0.2722205247230604,NORMAL
2026-09-07T11:25:42.166297,52830,15332,132,53.354229702669095,24.079783384789366,26,17,0.8965179574566725,ANOMALY
2026-09-07T11:25:43.168106,52872,15351,39,1.8922229847354486,14.881815678514727,42,19,0.21391903126431125,NORMAL
2026-09-07T11:25:44.168891,52935,15371,64,13.15064994582792,41.937174804238346,63,20,0.8026304063213054,ANOMALY
2026-09-07 11:25:44.985821,50.0,50.0,0.0,0.0,3950.0,18.4275,34.9795,0.0,0.0,0.0,0.0,1,0.0,NORMAL
2026-09-07T11:25:45.170006,53028,15401,9,6.196590304417796,8.475552982234259,93,30,0.09948142827900854,NORMAL
2026-09-07T11:25:46.172375,53101,15423,44,6.173300007034133,12.339521888496908,73,22,0.18926777707825007,NORMAL
2026-09-07T11:25:47.173025,53184,15431,36,6.196398947864321,29.7185453356847,83,8,0.011728901071423437,NORMAL
2026-09-07T11:25:48.174195,53219,15445,40,2.166208325165778,22.32600911843025,35,14,0.08908082772059621,NORMAL
2026-09-07T11:25:49.174933,53319,15460,44,4.462259010326255,17.595476784421976,100,15,0.025107311777945472,NORMAL
2026-09-07 11:25:50.044532,50.0,50.0,0.0,0.0,3950.0,18.4275,34.9795,0.0,0.0,0.0,0.0,1,0.0,NORMAL
2026-09-07T11:25:50.176026,53412,15486,16,2.2835606219241664,28.6010288369063,93,26,0.0782181441996593,NORMAL
2026-09-07T11:25:51.177224,53506,15502,45,5.972554876571533,16.247613697950317,94,16,0.1175844662924639,NORMAL
2026-09-07T11:25:52.178082,53587,15511,21,5.723285505732074,29.455230128837655,81,9,0.01515685209206634,NORMAL
2026-09-07T11:25:53.178853,53628,15530,33,1.1075678866244547,6.935328014868162,41,19,0.2720205914590967,NORMAL
2026-09-07T11:25:54.179863,53685,15554,35,5.507044636472023,24.492612634591424,57,24,0.2944382184083776,NORMAL
2026-09-07 11:25:55.110386,50.0,50.0,0.0,0.0,3950.0,18.4275,34.9795,0.0,0.0,0.0,0.0,1,0.0,NORMAL
2026-09-07T11:25:55.180775,53769,15584,34,5.6272528616274196,16.93025246552267,84,30,0.09116756984892298,NORMAL
2026-09-07T11:25:56.182292,53818,15607,5,5.96922290197851,24.90233225293564,49,23,0.048951827070262986,NORMAL
2026-09-07T11:25:57.183207,53877,15620,24,6.397652137975086,21.456237393357256,59,13,0.025077955978875244,NORMAL
2026-09-07T11:25:58.185084,53959,15632,168,16.79892658965645,78.32023705237314,82,12,0.8210487002353621,ANOMALY
2026-09-07T11:25:59.186111,54020,15638,18,4.126409465129532,24.815081392864325,61,6,0.07426612165091413,NORMAL
2026-09-07T11:26:00.189398,54051,15643,42,1.401307620800678,10.105282257273227,31,5,0.21186894414770255,NORMAL
2026-09-07 11:26:00.170576,50.0,50.0,0.0,0.0,3950.0,18.4275,34.9795,0.0,0.0,0.0,0.0,1,0.0,NORMAL
2026-09-07T11:26:01.191247,54116,15661,20,7.594279993072211,5.417266294280738,65,18,0.2692664266365382,NORMAL
2026-09-07T11:26:02.192933,54158,15680,46,5.8664440845893,6.836109145082276,42,19,0.18276072911162833,NORMAL
2026-09-07T11:26:03.194039,54241,15707,5,6.4626598370040815,17.397266580169628,83,27,0.17969809307592563,NORMAL
2026-09-07T11:26:04.195108,54266,15734,23,4.828561209902492,21.306533689824406,25,27,0.10750158589265268,NORMAL
2026-09-07T11:26:05.196496,54366,15744,39,4.739778082957726,7.388431406259025,100,10,0.19775335978090103,NORMAL
2026-09-07 11:26:05.238652,50.0,50.0,0.0,0.0,3950.0,18.4275,34.9795,0.0,0.0,0.0,0.0,1,0.0,NORMAL
2026-09-07T11:26:06.197502,54447,15768,192,8.884999056574141,102.46567349909057,81,24,0.9504140260356211,ANOMALY
2026-09-07T11:26:07.199148,54541,15792,22,3.849752273882272,11.187934195192273,94,24,0.15525457479937368,NORMAL
2026-09-07T11:26:08.200150,54570,15808,50,3.5508872993229263,6.628633028628466,29,16,0.24855202672224685,NORMAL
2026-09-07T11:26:09.200683,54665,15819,32,7.220534158938205,6.831525472116057,95,11,0.1275916997628609,NORMAL
2026-09-07T11:26:10.201685,54712,15825,45,4.956174276198612,29.99082037393234,47,6,0.21544270348722758,NORMAL
2026-09-07 11:26:10.335729,50.0,50.0,0.0,0.0,3950.0,18.4275,34.9795,0.0,0.0,0.0,0.0,1,0.0,NORMAL
2026-09-07T11:26:11.202717,54803,15834,45,3.174834366716955,12.158020793556503,91,9,0.0774214013174214,NORMAL
2026-09-07T11:26:12.203641,54825,15854,18,5.541207802600792,20.09977814989459,22,20,0.2107989742406464,NORMAL
2026-09-07T11:26:13.204636,54898,15877,21,4.678654616282602,25.883989215212733,73,23,0.19823034336622833,NORMAL
2026-09-07T11:26:14.205674,54968,15893,250,14.311316227285134,62.9990566321082,70,16,0.8135353984897715,ANOMALY
2026-09-07T11:26:15.206853,55023,15903,23,1.8991422247329002,28.143569230725475,55,10,0.1724742497984342,NORMAL
2026-09-07 11:26:15.377941,50.0,50.0,0.0,0.0,3950.0,18.4275,34.9795,0.0,0.0,0.0,0.0,1,0.0,NORMAL
2026-09-07T11:26:16.207896,55062,15913,170,55.13383032805448,120.20256543030541,39,10,0.9659880318762257,ANOMALY
2026-09-07T11:26:17.208551,55158,15925,23,3.1680491137612656,14.950251490197756,96,12,0.24054740292565618,NORMAL
2026-09-07T11:26:18.209683,55228,15949,23,6.47914790065832,15.701742103326096,70,24,0.22854920471160023,NORMAL
2026-09-07T11:26:19.210654,55248,15968,48,6.646115365223975,6.211972687203278,20,19,0.05056929779178432,NORMAL
2026-09-07T11:26:20.212286,55341,15979,48,7.524735276950518,12.43961098021824,93,11,0.007631940175965446,NORMAL
2026-09-07 11:26:20.469430,50.0,50.0,0.0,0.0,3950.0,18.4275,34.9795,0.0,0.0,0.0,0.0,1,0.0,NORMAL
2026-09-07T11:26:21.213673,55364,15984,46,2.6018345242783427,25.215846842588892,23,5,0.19426623657441994,NORMAL
2026-09-07T11:26:22.215123,55428,16009,18,7.091596557928984,14.182048408098467,64,25,0.29622993380809864,NORMAL
2026-09-07T11:26:23.216716,55493,16021,16,3.094170289896865,12.996042585807695,65,12,0.1305833852955875,NORMAL
2026-09-07T11:26:24.217539,55588,16039,90,12.789324894199908,85.22003316796467,95,18,0.9094644859394646,ANOMALY
2026-09-07T11:26:25.218644,55662,16056,48,2.6520846287294555,12.46302253717463,74,17,0.2767806353434907,NORMAL
2026-09-07 11:26:25.526132,50.0,50.0,0.0,0.0,3950.0,18.4275,34.9795,0.0,0.0,0.0,0.0,1,0.0,NORMAL
2026-09-07T11:26:26.220047,55703,16084,17,3.2840186633841104,21.159846285830973,41,28,0.13286587583124906,NORMAL
2026-09-07T11:26:27.221649,55777,16114,49,7.753538113722197,22.0056185801848,74,30,0.23344976524368158,NORMAL
2026-09-07T11:26:28.222473,55869,16127,49,2.557212855876139,27.235289177814057,92,13,0.06706831700061629,NORMAL
2026-09-07T11:26:29.224675,55922,16151,18,6.529924333761203,23.188354792446475,53,24,0.06215184804244445,NORMAL
2026-09-07T11:26:30.226029,55974,16181,10,7.611867016411398,12.60341939767309,52,30,0.11991482996036364,NORMAL
2026-09-07 11:26:30.630887,50.0,50.0,0.0,0.0,3950.0,18.4275,34.9795,0.0,0.0,0.0,0.0,1,0.0,NORMAL
2026-09-07T11:26:31.226891,56059,16208,14,2.593091650821661,19.71168802863854,85,27,0.16563456078864902,NORMAL
2026-09-07T11:26:32.227903,56113,16228,26,2.272654714742638,27.59162575604484,54,20,0.011882709137487735,NORMAL
2026-09-07T11:26:33.229241,56144,16248,29,5.939548596918562,24.448258659233403,31,20,0.2626610486853548,NORMAL
2026-09-07T11:26:34.230789,56196,16272,16,2.434018417338209,7.292221775692574,52,24,0.03237619683631302,NORMAL
2026-09-07T11:26:35.231988,56282,16291,129,48.2512768589769,144.50177996493085,86,19,0.8347250525711993,ANOMALY
2026-09-07 11:26:35.701625,50.0,50.0,0.0,0.0,3950.0,18.4275,34.9795,0.0,0.0,0.0,0.0,1,0.0,NORMAL
2026-09-07T11:26:36.233058,56360,16297,21,1.1905211404133609,12.938235094634209,78,6,0.19467215008526026,NORMAL
2026-09-07T11:26:37.233898,56455,16318,75,18.79808183124731,36.90838038868672,95,21,0.8678986214843105,ANOMALY
2026-09-07T11:26:38.235423,56512,16344,28,3.106022480335728,16.14429270425569,57,26,0.0773820303335323,NORMAL
2026-09-07T11:26:39.236549,56538,16358,14,3.567679776328692,18.04202974895847,26,14,0.22805399585402972,NORMAL
2026-09-07T11:26:40.238151,56562,16386,27,3.9065106721703486,20.870529747884362,24,28,0.2166513902570485,NORMAL
2026-09-07 11:26:40.782969,50.0,50.0,0.0,0.0,3950.0,18.4275,34.9795,0.0,0.0,0.0,0.0,1,0.0,NORMAL
2026-09-07T11:26:41.239628,56610,16397,29,7.307573703815721,6.382557617082608,48,11,0.19703151729550664,NORMAL
2026-09-07T11:26:42.240772,56651,16404,8,5.869359431989079,9.105050518177356,41,7,0.22909125321874885,NORMAL
2026-09-07T11:26:43.241713,56713,16412,18,6.427441075368729,9.148929108823776,62,8,0.2502036713241074,NORMAL
2026-09-07T11:26:44.242704,56811,16437,39,2.7407289255151577,12.45541176388161,98,25,0.05815606043934665,NORMAL
2026-09-07T11:26:45.243697,56900,16442,11,4.235516427759048,29.988790134646834,89,5,0.14015930585302386,NORMAL
2026-09-07 11:26:45.923528,50.0,50.0,0.0,0.0,3950.0,18.4275,34.9795,0.0,0.0,0.0,0.0,1,0.0,NORMAL
2026-09-07T11:26:46.244886,56922,16463,19,4.943448436814954,18.86504991520391,22,21,0.003450777068018218,NORMAL
2026-09-07T11:26:47.247179,57014,16474,9,5.1573268530010195,16.72187091835181,92,11,0.08995374274616917,NORMAL
2026-09-07T11:26:48.248076,57112,16481,17,5.376193016623487,8.750934869593639,98,7,0.2171474275525385,NORMAL
2026-09-07T11:26:49.248702,57151,16488,47,6.615751334298913,18.38443960911609,39,7,0.29962442225857255,NORMAL
2026-09-07T11:26:50.250660,57176,16518,60,28.528702476962113,126.29800078915271,25,30,0.8083796688739421,ANOMALY
2026-09-07 11:26:51.028402,50.0,50.0,0.0,0.0,3950.0,18.4275,34.9795,0.0,0.0,0.0,0.0,1,0.0,NORMAL
2026-09-07T11:26:51.253030,57201,16525,43,2.3609014260286303,26.131060434052078,25,7,0.14960945415901053,NORMAL
2026-09-07T11:26:52.253941,57289,16544,7,4.674341705026353,26.596398890762057,88,19,0.16782335947426588,NORMAL
2026-09-07T11:26:53.254881,57315,16552,24,4.652227995221184,17.85253246896928,26,8,0.12564020609159476,NORMAL
2026-09-07T11:26:54.255840,57373,16558,47,2.827092721797047,16.60166893876115,58,6,0.24775742581634794,NORMAL
2026-09-07T11:26:55.256726,57403,16566,47,2.729482245541369,5.19637823517957,30,8,0.12420871333120932,NORMAL
2026-09-07 11:26:56.090088,50.0,50.0,0.0,0.0,3950.0,18.4275,34.9795,0.0,0.0,0.0,0.0,1,0.0,NORMAL
2026-09-07T11:26:56.258320,57497,16571,7,5.016053924869795,14.429448172066984,94,5,0.12922054412530137,NORMAL
2026-09-07T11:26:57.259703,57582,16576,43,3.2459055881330263,10.575926606272432,85,5,0.05837941256697514,NORMAL
2026-09-07T11:26:58.260660,57671,16598,14,1.7757657818674564,28.88023802932004,89,22,0.21037853455144317,NORMAL
2026-09-07T11:26:59.261626,57750,16606,30,5.00077135418234,19.72553428156663,79,8,0.03325547766699256,NORMAL
2026-09-07T11:27:00.262526,57782,16633,14,6.902851252468475,21.463226155910192,32,27,0.1072119534685851,NORMAL
2026-09-07 11:27:01.135719,50.0,50.0,0.0,0.0,3950.0,18.4275,34.9795,0.0,0.0,0.0,0.0,1,0.0,NORMAL
2026-09-07T11:27:01.263499,57864,16641,40,1.580002298015236,13.473920862704693,82,8,0.010701949062768468,NORMAL
2026-09-07T11:27:02.264462,57934,16649,57,26.184625164868443,22.059278227104524,70,8,0.8963524939699649,ANOMALY
2026-09-07T11:27:03.265539,57960,16662,33,4.899058658585249,16.219743166487163,26,13,0.2574260347349981,NORMAL
2026-09-07T11:27:04.266518,58046,16682,26,6.118714206342339,19.61579707111269,86,20,0.16981569625273232,NORMAL
2026-09-07T11:27:05.267525,58114,16704,48,6.745692504541018,25.39764307108775,68,22,0.2166044952828419,NORMAL
2026-09-07 11:27:06.204260,50.0,50.0,0.0,0.0,3950.0,18.4275,34.9795,0.0,0.0,0.0,0.0,1,0.0,NORMAL
2026-09-07T11:27:06.269302,58172,16721,20,3.169915299361552,22.112224914926692,58,17,0.051197808149560105,NORMAL
2026-09-07T11:27:07.270326,58233,16728,40,7.5274955850517555,8.572041753836864,61,7,0.06837677231741705,NORMAL
2026-09-07T11:27:08.271463,58263,16736,175,13.479675541518647,54.31572742517534,30,8,0.9323328903828266,ANOMALY
2026-09-07T11:27:09.273953,58285,16764,12,7.66855342872591,25.361257912530363,22,28,0.21616555820481753,NORMAL
2026-09-07T11:27:10.274910,58340,16789,24,4.415392438673505,17.26977844477551,55,25,0.06718452507726655,NORMAL
2026-09-07T11:27:11.276124,58428,16801,31,7.75186523655089,18.517920287882234,88,12,0.10083097651366758,NORMAL
2026-09-07 11:27:11.258904,50.0,50.0,0.0,0.0,3950.0,18.4275,34.9795,0.0,0.0,0.0,0.0,1,0.0,NORMAL
2026-09-07T11:27:12.277795,58463,16815,49,1.3819191440072074,14.955750822079487,35,14,0.1376695230092323,NORMAL
2026-09-07T11:27:13.278825,58549,16841,49,3.148580304767365,26.70468494849399,86,26,0.22596972282853828,NORMAL
2026-09-07T11:27:14.280354,58637,16869,69,30.182827133098822,43.969716958378726,88,28,0.825446480005104,ANOMALY
2026-09-07T11:27:15.281564,58702,16899,34,5.91059898534989,18.430441367330758,65,30,0.27188939396246037,NORMAL
2026-09-07T11:27:16.282470,58763,16918,41,1.134180731992985,9.885924559382733,61,19,0.18372501590296178,NORMAL
2026-09-07 11:27:16.350206,50.0,50.0,0.0,0.0,3950.0,18.4275,34.9795,0.0,0.0,0.0,0.0,1,0.0,NORMAL
2026-09-07T11:27:17.283382,58809,16948,28,5.351542254915864,7.310885727799642,46,30,0.11328419418520046,NORMAL
2026-09-07T11:27:18.284496,58882,16971,48,30.802505210702403,88.89687195981134,73,23,0.9834985381113672,ANOMALY
2026-09-07T11:27:19.285966,58941,16990,175,40.122994164820305,121.0131409318134,59,19,0.9283441871602245,ANOMALY
2026-09-07T11:27:20.286880,58967,17018,144,47.664260407395425,28.775374995962302,26,28,0.9509269884252469,ANOMALY
2026-09-07T11:27:21.287978,59027,17025,22,5.411803328339076,28.835196898882486,60,7,0.04076387704757299,NORMAL
2026-09-07 11:27:21.401860,50.0,50.0,0.0,0.0,3950.0,18.4275,34.9795,0.0,0.0,0.0,0.0,1,0.0,NORMAL
2026-09-07T11:27:22.289644,59069,17036,27,4.642553251927375,25.703589263776994,42,11,0.07552337175938197,NORMAL
2026-09-07T11:27:23.290316,59092,17043,38,3.541219005801822,26.33657555947093,23,7,0.28903900619638284,NORMAL
2026-09-07T11:27:24.292114,59190,17073,32,7.759789706085227,7.754041432212204,98,30,0.11739194480374048,NORMAL
2026-09-07T11:27:25.293479,59289,17078,44,7.465109636397826,23.613858992852553,99,5,0.23912476179389108,NORMAL
2026-09-07T11:27:26.294637,59310,17107,29,7.040448991125544,24.486043999702957,21,29,0.012904409409945384,NORMAL
2026-09-07 11:27:26.490803,50.0,50.0,0.0,0.0,3950.0,18.4275,34.9795,0.0,0.0,0.0,0.0,1,0.0,NORMAL
2026-09-07T11:27:27.296582,59403,17113,9,3.7596594681341697,24.874956696413047,93,6,0.06370805993710774,NORMAL
2026-09-07T11:27:28.297606,59431,17133,16,4.112741092041489,10.775834560486121,28,20,0.20184808431999343,NORMAL
2026-09-07T11:27:29.298391,59462,17146,148,26.335021085773707,93.94738487751962,31,13,0.8239288997370852,ANOMALY
2026-09-07T11:27:30.300460,59541,17165,44,1.4853786670745777,21.586544224223875,79,19,0.04154107989298735,NORMAL
2026-09-07T11:27:31.301639,59578,17189,5,5.467148789041477,17.976032725504858,37,24,0.08661742773420135,NORMAL
2026-09-07 11:27:31.573882,50.0,50.0,0.0,0.0,3950.0,18.4275,34.9795,0.0,0.0,0.0,0.0,1,0.0,NORMAL
2026-09-07T11:27:32.302728,59658,17216,10,1.0183453745067994,6.67838743128004,80,27,0.18865701738746882,NORMAL
2026-09-07T11:27:33.303804,59700,17240,85,19.613817442871564,100.77870079203639,42,24,0.8386067019939841,ANOMALY
2026-09-07T11:27:34.305603,59753,17262,16,5.130265274484572,13.909314238901164,53,22,0.24995894749033196,NORMAL
2026-09-07T11:27:35.306658,59849,17279,10,7.820748534869584,24.491939280045468,96,17,0.29519009115697054,NORMAL
2026-09-07T11:27:36.307663,59898,17296,50,5.2388205889407224,23.40275997907732,49,17,0.030226455277817785,NORMAL
2026-09-07 11:27:36.670531,50.0,50.0,0.0,0.0,3950.0,18.4275,34.9795,0.0,0.0,0.0,0.0,1,0.0,NORMAL
2026-09-07T11:27:37.308722,59971,17309,19,5.229267564422264,19.241748107767815,73,13,0.24253333849324768,NORMAL
2026-09-07T11:27:38.310098,60009,17323,7,2.331388325936703,22.381460257947026,38,14,0.17638594409916852,NORMAL
2026-09-07T11:27:39.311158,60106,17351,26,4.194000470973904,22.904794413813953,97,28,0.14492525203423626,NORMAL
2026-09-07T11:27:40.312947,60165,17362,5,6.444343948637313,12.576160521883457,59,11,0.04491931908115241,NORMAL
2026-09-07T11:27:41.313770,60256,17385,25,1.8169839232685372,12.12860755194635,91,23,0.11814158826504428,NORMAL
2026-09-07 11:27:41.739467,50.0,50.0,0.0,0.0,3950.0,18.4275,34.9795,0.0,0.0,0.0,0.0,1,0.0,NORMAL
2026-09-07T11:27:42.315212,60327,17391,84,11.928089145698323,108.49155926326648,71,6,0.9965591285809388,ANOMALY
2026-09-07T11:27:43.318042,60402,17399,48,6.147265955946859,15.426093993871083,75,8,0.09730190012821884,NORMAL
2026-09-07T11:27:44.319317,60460,17405,43,3.966320516460086,21.386728352730827,58,6,0.04087658918708948,NORMAL
2026-09-07T11:27:45.320615,60505,17416,42,1.5178069811830488,25.237303255711534,45,11,0.2590297412741459,NORMAL
2026-09-07T11:27:46.321384,60605,17427,43,1.8482336828853556,17.552632247705333,100,11,0.07985602491494434,NORMAL
2026-09-07 11:27:46.797370,50.0,50.0,0.0,0.0,3950.0,18.4275,34.9795,0.0,0.0,0.0,0.0,1,0.0,NORMAL
2026-09-07T11:27:47.322567,60693,17453,23,2.0676716420804855,29.627470554022132,88,26,0.2722831906486344,NORMAL
2026-09-07T11:27:48.323764,60778,17473,102,27.957333923297476,91.42675946671442,85,20,0.969770855423071,ANOMALY
2026-09-07T11:27:49.324561,60838,17489,30,1.1110809205218297,13.75747547387649,60,16,0.12310504699708212,NORMAL
2026-09-07T11:27:50.325851,60924,17512,24,3.851364874813978,7.755543968793159,86,23,0.13062774461428814,NORMAL
2026-09-07T11:27:51.326774,60955,17535,38,2.506171832363982,6.4361475203065766,31,23,0.1352967890430369,NORMAL
2026-09-07 11:27:51.860341,50.0,50.0,0.0,0.0,3950.0,18.4275,34.9795,0.0,0.0,0.0,0.0,1,0.0,NORMAL
2026-09-07T11:27:52.327563,60976,17546,26,7.881840282274048,25.1273614983215,21,11,0.04459349678848799,NORMAL
2026-09-07T11:27:53.331687,61009,17560,15,4.360789519992467,9.760820231292048,33,14,0.07288423206399398,NORMAL
2026-09-07T11:27:54.332630,61047,17580,39,6.338469376024539,29.037946671630397,38,20,0.13105481865516191,NORMAL
2026-09-07T11:27:55.333584,61100,17595,47,6.163261817315206,22.595790698873007,53,15,0.22374815960224465,NORMAL
2026-09-07T11:27:56.335129,61142,17605,12,7.080565623951784,22.266417417700303,42,10,0.151373229630894,NORMAL
2026-09-07 11:27:56.925963,50.0,50.0,0.0,0.0,3950.0,18.4275,34.9795,0.0,0.0,0.0,0.0,1,0.0,NORMAL
2026-09-07T11:27:57.335998,61182,17626,34,6.585781918157767,15.199682432774186,40,21,0.18075551221163494,NORMAL
2026-09-07T11:27:58.337111,61265,17646,34,2.2809137167661957,8.433760518372248,83,20,0.03892261643189745,NORMAL
2026-09-07T11:27:59.337921,61319,17672,21,6.9219887036362255,15.597970429124445,54,26,0.003704663679854725,NORMAL
2026-09-07T11:28:00.339575,61339,17684,43,2.6457952666671325,23.356463733627177,20,12,0.21693812895508421,NORMAL
2026-09-07T11:28:01.346594,61412,17692,34,1.1040081152021441,24.323242405481796,73,8,0.15867469783360724,NORMAL
2026-09-07 11:28:01.981080,50.0,50.0,0.0,0.0,3950.0,18.4275,34.9795,0.0,0.0,0.0,0.0,1,0.0,NORMAL
2026-09-07T11:28:02.357857,61461,17714,44,2.1417113172713447,14.282816801337221,49,22,0.28097770239777836,NORMAL
2026-09-07T11:28:03.358683,61508,17729,34,5.493798847443319,25.93854004469826,47,15,0.04717513121425516,NORMAL
2026-09-07T11:28:04.359443,61555,17736,45,7.061452164597522,8.476026342075205,47,7,0.20387790095391492,NORMAL
2026-09-07T11:28:05.360759,61643,17759,6,7.64762043791913,6.872557320723903,88,23,0.21596569246863276,NORMAL
2026-09-07T11:28:06.361826,61669,17764,9,3.875190801256931,21.830672399211327,26,5,0.2466117632846474,NORMAL
2026-09-07 11:28:07.049905,50.0,50.0,0.0,0.0,3950.0,18.4275,34.9795,0.0,0.0,0.0,0.0,1,0.0,NORMAL
2026-09-07T11:28:07.362658,61699,17781,9,5.396818875993348,22.95644649301987,30,17,0.056684276441914934,NORMAL
2026-09-07T11:28:08.364042,61779,17798,44,4.968347091405587,23.28206652141835,80,17,0.05552813515670896,NORMAL
2026-09-07T11:28:09.365235,61832,17804,36,7.2688115308905115,24.656295739029296,53,6,0.10065597943019618,NORMAL
2026-09-07T11:28:10.366350,61865,17824,50,4.408477692113404,10.13184072377894,33,20,0.09530802170078705,NORMAL
2026-09-07T11:28:11.367496,61891,17854,99,28.59942004736778,94.61378564336891,26,30,0.8005339126721556,ANOMALY
2026-09-07 11:28:12.126640,50.0,50.0,0.0,0.0,3950.0,18.4275,34.9795,0.0,0.0,0.0,0.0,1,0.0,NORMAL
2026-09-07T11:28:12.368494,61959,17863,172,39.841271893000325,92.01303049851059,68,9,0.9462149738731417,ANOMALY
2026-09-07T11:28:13.369711,62005,17887,29,1.9884675924400756,26.005921438489892,46,24,0.2669127849114771,NORMAL
2026-09-07T11:28:14.370899,62069,17908,24,4.3704066729760385,19.176213014337428,64,21,0.11893380925413688,NORMAL
2026-09-07T11:28:15.371888,62150,17931,34,3.938072259093585,14.493388271410213,81,23,0.10540481928633795,NORMAL
2026-09-07T11:28:16.373016,62172,17938,36,6.700602077760834,15.89400737565985,22,7,0.04556023197671142,NORMAL
2026-09-07 11:28:17.208856,50.0,50.0,0.0,0.0,3950.0,18.4275,34.9795,0.0,0.0,0.0,0.0,1,0.0,NORMAL
2026-09-07T11:28:17.374045,62194,17943,48,1.550777752609946,29.3225955197489,22,5,0.15318122075797153,NORMAL
2026-09-07T11:28:18.374951,62280,17962,37,4.710802587307494,18.825330873876723,86,19,0.14896744809269807,NORMAL
2026-09-07T11:28:19.376147,62323,17982,19,7.37401846745763,28.51490911743901,43,20,0.1566900246656374,NORMAL
2026-09-07T11:28:20.377158,62345,18002,37,5.416010522763889,8.398188197446213,22,20,0.21810117398335022,NORMAL
2026-09-07T11:28:21.379500,62400,18009,21,2.9809134485826974,8.018789223108373,55,7,0.10639244183406109,NORMAL
2026-09-07 11:28:22.303762,50.0,50.0,0.0,0.0,3950.0,18.4275,34.9795,0.0,0.0,0.0,0.0,1,0.0,NORMAL
2026-09-07T11:28:22.380405,62457,18021,46,1.4983309427024525,20.43674019000502,57,12,0.2850392808932009,NORMAL
2026-09-07T11:28:23.381139,62496,18050,33,5.755321516747547,11.767656033486794,39,29,0.17176367815771867,NORMAL
2026-09-07T11:28:24.382034,62585,18064,33,4.350383681094663,29.583154006907396,89,14,0.08164350306062211,NORMAL
2026-09-07T11:28:25.383054,62633,18081,13,7.528232443637323,24.274731382016654,48,17,0.024942011148136742,NORMAL
2026-09-07T11:28:26.384015,62664,18103,22,5.79389432089938,29.444393667265242,31,22,0.25931422012077726,NORMAL
2026-09-07T11:28:27.385329,62722,18109,33,4.161504964790089,21.88165508458532,58,6,0.29711359856905983,NORMAL
2026-09-07 11:28:27.381277,50.0,50.0,0.0,0.0,3950.0,18.4275,34.9795,0.0,0.0,0.0,0.0,1,0.0,NORMAL
2026-09-07T11:28:28.386472,62746,18138,25,5.900553381968207,20.40895331248098,24,29,0.02223066489732025,NORMAL
2026-09-07T11:28:29.388157,62807,18167,9,4.729875991888048,28.303316618204917,61,29,0.05660705872522495,NORMAL
2026-09-07T11:28:30.389313,62891,18196,40,7.707917934796576,28.04669872781426,84,29,0.20558905678321535,NORMAL
2026-09-07T11:28:31.390377,62964,18204,28,7.197473204338291,5.66146879065854,73,8,0.17019007207063103,NORMAL
2026-09-07T11:28:32.391209,63006,18216,5,6.530594326517628,16.52617881828015,42,12,0.23793044723080123,NORMAL
2026-09-07 11:28:32.458971,50.0,50.0,0.0,0.0,3950.0,18.4275,34.9795,0.0,0.0,0.0,0.0,1,0.0,NORMAL
2026-09-07T11:28:33.392361,63027,18231,22,6.658937522819246,5.076296207726295,21,15,0.28189363121217836,NORMAL
2026-09-07T11:28:34.393637,63074,18249,8,7.442182636970838,23.62739233174962,47,18,0.26744230536063496,NORMAL
2026-09-07T11:28:35.394937,63126,18271,25,3.970429353878743,20.53960987390553,52,22,0.22331694803762883,NORMAL
2026-09-07T11:28:36.395981,63223,18301,36,2.9895291985097607,6.479901869465134,97,30,0.059206232256782315,NORMAL
2026-09-07T11:28:37.397672,63280,18320,49,3.668242829204433,16.268742599364103,57,19,0.10414943344852552,NORMAL
2026-09-07 11:28:37.533953,50.0,50.0,0.0,0.0,3950.0,18.4275,34.9795,0.0,0.0,0.0,0.0,1,0.0,NORMAL
2026-09-07T11:28:38.398619,63313,18331,25,5.688664200989174,29.059012930499396,33,11,0.20897282509107357,NORMAL
2026-09-07T11:28:39.399726,63350,18342,7,7.418239783366446,18.552212587808214,37,11,0.054718224910449816,NORMAL
2026-09-07T11:28:40.400749,63437,18360,42,2.6452994542093284,11.915036940948887,87,18,0.034963117630675965,NORMAL
2026-09-07T11:28:41.401913,63461,18387,5,1.2436658088321617,10.562859171138722,24,27,0.2783892234724181,NORMAL
2026-09-07T11:28:42.402870,63509,18397,192,13.52146179847716,85.03235446302267,48,10,0.9100822494573677,ANOMALY
2026-09-07 11:28:42.592581,50.0,50.0,0.0,0.0,3950.0,18.4275,34.9795,0.0,0.0,0.0,0.0,1,0.0,NORMAL
2026-09-07T11:28:43.405143,63589,18406,20,6.6908229608658525,21.970680447087737,80,9,0.07411156644393209,NORMAL
2026-09-07T11:28:44.405761,63617,18423,45,6.9907555475823,6.809148741615352,28,17,0.00728128012609509,NORMAL
2026-09-07T11:28:45.406739,63646,18442,6,7.75741320285047,17.346729946225445,29,19,0.022712929230844014,NORMAL
2026-09-07T11:28:46.408091,63698,18463,78,59.08499593303958,83.74658155825684,52,21,0.8064861341737961,ANOMALY
2026-09-07T11:28:47.409223,63727,18490,41,5.89246827507868,28.753494331682283,29,27,0.05864936985413285,NORMAL
2026-09-07 11:28:47.655015,50.0,50.0,0.0,0.0,3950.0,18.4275,34.9795,0.0,0.0,0.0,0.0,1,0.0,NORMAL
2026-09-07T11:28:48.410109,63817,18511,20,6.280873151613583,19.346927618423624,90,21,0.10186834258533502,NORMAL
2026-09-07T11:28:49.411043,63908,18519,33,23.462904059639506,42.551261675019475,91,8,0.9545481995600832,ANOMALY
2026-09-07T11:28:50.411983,63943,18545,8,6.7773282123827645,28.486183055689374,35,26,0.1402580424331367,NORMAL
2026-09-07T11:28:51.412957,64003,18561,29,5.780742685751395,13.554273611616251,60,16,0.15937134091537664,NORMAL
2026-09-07T11:28:52.413973,64091,18590,69,28.10387818520423,45.930259758521466,88,29,0.9322360902319453,ANOMALY
2026-09-07 11:28:52.708040,50.0,50.0,0.0,0.0,3950.0,18.4275,34.9795,0.0,0.0,0.0,0.0,1,0.0,NORMAL
2026-09-07T11:28:53.415909,64154,18612,5,1.7669663357461456,26.032521360000818,63,22,0.07312768189480377,NORMAL
2026-09-07T11:28:54.416960,64216,18634,136,6.781189449921293,108.98865054991235,62,22,0.9954614487746332,ANOMALY
2026-09-07T11:28:55.417973,64248,18657,29,2.221152048097103,23.201239075061764,32,23,0.246894982792982,NORMAL
2026-09-07T11:28:56.419083,64315,18679,27,2.0375130188411186,29.04556002628692,67,22,0.09290801587609722,NORMAL
2026-09-07T11:28:57.419988,64388,18686,26,6.918135991868223,6.034852019122736,73,7,0.2144897301700168,NORMAL
2026-09-07 11:28:57.767399,50.0,50.0,0.0,0.0,3950.0,18.4275,34.9795,0.0,0.0,0.0,0.0,1,0.0,NORMAL
2026-09-07T11:28:58.421001,64479,18695,76,16.14540020337865,86.3449674417227,91,9,0.8199708454371344,ANOMALY
2026-09-07T11:28:59.422422,64544,18716,19,5.400556110996604,13.402721590427323,65,21,0.2506473282045886,NORMAL
2026-09-07T11:29:00.423375,64584,18735,7,5.857745587253436,24.30841674173189,40,19,0.25668743810299854,NORMAL
2026-09-07T11:29:01.426103,64662,18749,6,6.039216615591324,15.451524702460471,78,14,0.23072535488027612,NORMAL
2026-09-07T11:29:02.428364,64720,18777,10,1.4529180108327975,16.680202623158152,58,28,0.27201568342569443,NORMAL
2026-09-07 11:29:02.813475,50.0,50.0,0.0,0.0,3950.0,18.4275,34.9795,0.0,0.0,0.0,0.0,1,0.0,NORMAL
2026-09-07T11:29:03.429603,64743,18799,20,3.480963283575357,28.448828326742337,23,22,0.2653357659214729,NORMAL
2026-09-07T11:29:04.431374,64764,18821,192,12.851941559169804,107.68763005881334,21,22,0.8439230562765149,ANOMALY
2026-09-07T11:29:05.433373,64789,18843,47,5.8726484561699275,17.506654418510255,25,22,0.26405483256124396,NORMAL
2026-09-07T11:29:06.436007,64888,18871,17,6.8850518516805295,26.206593850595794,99,28,0.11036923814092288,NORMAL
2026-09-07T11:29:07.439303,64926,18885,13,4.373106995795313,9.50795724000335,38,14,0.15279556247122375,NORMAL
2026-09-07 11:29:07.904958,50.0,50.0,0.0,0.0,3950.0,18.4275,34.9795,0.0,0.0,0.0,0.0,1,0.0,NORMAL
2026-09-07T11:29:08.441918,65002,18892,8,2.170330131463594,12.969545254714674,76,7,0.14951820220865666,NORMAL
2026-09-07T11:29:09.443164,65046,18920,15,1.6016214168332872,13.98710979567544,44,28,0.09266659545568524,NORMAL
2026-09-07T11:29:10.443795,65096,18925,65,9.914459016928982,140.11307117259213,50,5,0.9442517756314353,ANOMALY
2026-09-07T11:29:11.444858,65124,18936,40,3.0628496479725684,23.74289401088051,28,11,0.04052265532777536,NORMAL
2026-09-07T11:29:12.445734,65151,18942,32,6.004727655200774,10.025350924227599,27,6,0.11346700464971095,NORMAL
2026-09-07 11:29:13.021958,50.0,50.0,0.0,0.0,3950.0,18.4275,34.9795,0.0,0.0,0.0,0.0,1,0.0,NORMAL
2026-09-07T11:29:13.446967,65200,18957,43,4.835779308298009,11.8929899893283,49,15,0.16603147971719548,NORMAL
2026-09-07T11:29:14.449297,65292,18983,60,16.72194034116168,28.4983130708544,92,26,0.9621127873774467,ANOMALY
2026-09-07T11:29:15.450273,65379,19002,5,2.5643028883719454,8.16755084940852,87,19,0.09393765912160403,NORMAL
2026-09-07T11:29:16.451106,65464,19027,25,5.020154116658635,16.840113720396396,85,25,0.11973005138874969,NORMAL
2026-09-07T11:29:17.452420,65564,19045,8,1.7758719770843792,24.60910720796835,100,18,0.00437738787205647,NORMAL
2026-09-07 11:29:18.091086,50.0,50.0,0.0,0.0,3950.0,18.4275,34.9795,0.0,0.0,0.0,0.0,1,0.0,NORMAL
2026-09-07T11:29:18.453682,65588,19063,48,3.653645881122988,5.249665292151732,24,18,0.2601701633131037,NORMAL
2026-09-07T11:29:19.454558,65614,19080,50,6.244253141204428,8.60765632953747,26,17,0.09030397467380326,NORMAL
2026-09-07T11:29:20.455730,65678,19092,45,5.847332195180191,5.628233860807242,64,12,0.16681808233746653,NORMAL
2026-09-07T11:29:21.456951,65702,19112,34,1.9942483837610858,15.653251767010058,24,20,0.15786742864705788,NORMAL
2026-09-07T11:29:22.457725,65747,19118,23,6.12619137866397,6.450047388819719,45,6,0.02419190615031992,NORMAL
2026-09-07 11:29:23.159818,50.0,50.0,0.0,0.0,3950.0,18.4275,34.9795,0.0,0.0,0.0,0.0,1,0.0,NORMAL
2026-09-07T11:29:23.458743,65776,19137,44,5.531508150249536,21.516515311027657,29,19,0.211620085387843,NORMAL
2026-09-07T11:29:24.459589,65837,19146,8,6.790857912692523,6.948969617880911,61,9,0.1987995517664542,NORMAL
2026-09-07T11:29:25.460718,65902,19172,16,2.7564686815556048,16.440658680975368,65,26,0.13896289872256942,NORMAL
2026-09-07T11:29:26.461752,65948,19198,33,2.6196638947721054,29.98964187945037,46,26,0.177035517747154,NORMAL
2026-09-07T11:29:27.462940,66041,19208,19,4.68045732062432,13.997092888585536,93,10,0.26564257262875735,NORMAL
2026-09-07 11:29:28.197757,50.0,50.0,0.0,0.0,3950.0,18.4275,34.9795,0.0,0.0,0.0,0.0,1,0.0,NORMAL
2026-09-07T11:29:28.464708,66123,19219,42,3.582113498649308,5.880665320856727,82,11,0.29981754383630194,NORMAL
2026-09-07T11:29:29.465693,66194,19243,45,1.1723711473964207,6.808586758803482,71,24,0.13309047774186666,NORMAL
2026-09-07T11:29:30.466863,66271,19252,48,7.031717251366515,7.1236901943618545,77,9,0.009256231039449026,NORMAL
2026-09-07T11:29:31.467674,66307,19277,75,16.24198662488309,22.052093638458008,36,25,0.8785401867038671,ANOMALY
2026-09-07T11:29:32.468866,66397,19296,44,6.391309821282902,5.393948609229078,90,19,0.28002644048474223,NORMAL
2026-09-07T11:29:33.471092,66491,19320,48,7.02666793526512,11.689179551282965,94,24,0.27622881549802697,NORMAL
2026-09-07 11:29:33.284656,50.0,50.0,0.0,0.0,3950.0,18.4275,34.9795,0.0,0.0,0.0,0.0,1,0.0,NORMAL
2026-09-07T11:29:34.474052,66528,19329,32,29.60040538669987,90.76382171671672,37,9,0.9424300995908393,ANOMALY
2026-09-07T11:29:35.475856,66612,19339,8,4.287172925377527,9.526240762296858,84,10,0.22237664404561705,NORMAL
2026-09-07T11:29:36.477428,66685,19367,12,7.191865622141513,11.1644453976336,73,28,0.15761937641025697,NORMAL
2026-09-07T11:29:37.484850,66742,19373,23,7.828577786667699,25.8479630010375,57,6,0.03138757280121741,NORMAL
2026-09-07T11:29:38.487858,66831,19392,21,2.491850460551731,26.282353025011798,89,19,0.1845324578420672,NORMAL
2026-09-07 11:29:38.499742,50.0,50.0,0.0,0.0,3950.0,18.4275,34.9795,0.0,0.0,0.0,0.0,1,0.0,NORMAL
2026-09-07T11:29:39.490104,66893,19398,19,3.029460725335865,10.181298708774303,62,6,0.16435954356087382,NORMAL
2026-09-07T11:29:40.492347,66964,19416,31,5.562638490272243,19.4226044256838,71,18,0.11323402190943614,NORMAL
2026-09-07T11:29:41.494254,67009,19425,34,5.984221945909416,12.041132847613476,45,9,0.1633574580234011,NORMAL
2026-09-07T11:29:42.496372,67078,19455,102,24.277081127033817,48.88550911062535,69,30,0.870936602982665,ANOMALY
2026-09-07T11:29:43.498217,67118,19468,29,2.4577403703957486,29.997575117168726,40,13,0.06948447361662709,NORMAL
2026-09-07 11:29:43.612537,50.0,50.0,0.0,0.0,3950.0,18.4275,34.9795,0.0,0.0,0.0,0.0,1,0.0,NORMAL
2026-09-07T11:29:44.500262,67181,19485,76,28.382503471847347,78.385120641695,63,17,0.8900774916828452,ANOMALY
2026-09-07T11:29:45.501680,67201,19505,10,6.356099999780608,29.28801505095662,20,20,0.2615964535372511,NORMAL
2026-09-07T11:29:46.503554,67258,19510,10,6.11374313449463,6.481931429104252,57,5,0.20866954630782852,NORMAL
2026-09-07T11:29:47.505783,67332,19534,9,5.553072229530308,20.33660655584156,74,24,0.28951899696030314,NORMAL
2026-09-07T11:29:48.507486,67417,19551,30,6.9014636332348935,27.741755254520218,85,17,0.25586194893348607,NORMAL
2026-09-07 11:29:48.696720,50.0,50.0,0.0,0.0,3950.0,18.4275,34.9795,0.0,0.0,0.0,0.0,1,0.0,NORMAL
2026-09-07T11:29:49.509698,67468,19563,12,7.974992929201095,11.478994883606301,51,12,0.06455849555353005,NORMAL
2026-09-07T11:29:50.512018,67523,19591,34,7.768566880032782,28.453529327420842,55,28,0.2765009664096,NORMAL
2026-09-07T11:29:51.514250,67564,19604,18,2.3512994304304855,26.28684272269097,41,13,0.20406808717702427,NORMAL
2026-09-07T11:29:52.515766,67636,19626,14,7.595758085239418,29.252655178936763,72,22,0.03208586851205277,NORMAL
2026-09-07T11:29:53.520341,67659,19643,28,6.897698346793067,27.914932140871038,23,17,0.11460075385068184,NORMAL
2026-09-07 11:29:53.762316,50.0,50.0,0.0,0.0,3950.0,18.4275,34.9795,0.0,0.0,0.0,0.0,1,0.0,NORMAL
2026-09-07T11:29:54.522264,67687,19667,48,6.99855457558763,15.234983827153213,28,24,0.18207430658829626,NORMAL
2026-09-07T11:29:55.531440,67769,19674,115,24.852825389313374,41.07595812742971,82,7,0.8905758556182732,ANOMALY
2026-09-07T11:29:56.532655,67801,19683,27,1.7322101502866982,11.4502517277712,32,9,0.277867787829768,NORMAL
2026-09-07T11:29:57.534297,67897,19690,12,5.031394559151775,10.317604775896132,96,7,0.25491730672580926,NORMAL
2026-09-07T11:29:58.535720,67960,19712,34,2.51814314523315,12.639468777871913,63,22,0.27613938789822506,NORMAL
2026-09-07 11:29:58.826118,50.0,50.0,0.0,0.0,3950.0,18.4275,34.9795,0.0,0.0,0.0,0.0,1,0.0,NORMAL
2026-09-07T11:29:59.537500,68042,19739,12,7.325406668996812,12.460773915825966,82,27,0.1925979946811174,NORMAL
2026-09-07T11:30:00.540242,68077,19758,12,1.1623934206648676,25.452692526433154,35,19,0.29901195975799394,NORMAL
2026-09-07T11:30:01.543118,68172,19767,13,7.78553344275879,12.009045669063159,95,9,0.1812182462313249,NORMAL
2026-09-07T11:30:02.545738,68242,19793,17,4.082408305678394,21.51498991657147,70,26,0.1834660336722209,NORMAL
2026-09-07T11:30:03.547660,68271,19813,160,12.831511495131979,79.7620791507055,29,20,0.9018711901070551,ANOMALY
2026-09-07 11:30:03.899279,50.0,50.0,0.0,0.0,3950.0,18.4275,34.9795,0.0,0.0,0.0,0.0,1,0.0,NORMAL
2026-09-07T11:30:04.548747,68320,19826,6,2.665628727340639,25.185184838948288,49,13,0.03283201231896208,NORMAL
2026-09-07T11:30:05.550242,68386,19831,26,5.521340658977903,27.294267567350666,66,5,0.1060678985905755,NORMAL
2026-09-07T11:30:06.554161,68407,19836,18,7.3655621306450705,6.8530546692522964,21,5,0.22805346006840274,NORMAL
2026-09-07T11:30:07.557461,68429,19847,8,6.397230952333489,14.86580918297239,22,11,0.19550810834222052,NORMAL
2026-09-07T11:30:08.559974,68484,19857,43,7.57641502643266,20.800356153067657,55,10,0.21785786115193082,NORMAL
2026-09-07 11:30:08.983940,50.0,50.0,0.0,0.0,3950.0,18.4275,34.9795,0.0,0.0,0.0,0.0,1,0.0,NORMAL
2026-09-07T11:30:09.581984,68509,19875,9,7.748287924011703,11.308156670025742,25,18,0.1156507627729743,NORMAL
2026-09-07T11:30:10.585452,68563,19885,49,2.7683474214232016,22.170060959451806,54,10,0.2798272317108996,NORMAL
2026-09-07T11:30:11.595771,68628,19910,21,3.5306727211965425,12.661148544652812,65,25,0.2774528747864699,NORMAL
2026-09-07T11:30:12.597514,68688,19921,29,6.368340688925689,19.83024893742587,60,11,0.2929895770551704,NORMAL
2026-09-07T11:30:13.599461,68757,19947,25,4.870557209423896,8.393950667476965,69,26,0.07570252880980458,NORMAL
2026-09-07 11:30:14.098736,50.0,50.0,0.0,0.0,3950.0,18.4275,34.9795,0.0,0.0,0.0,0.0,1,0.0,NORMAL
2026-09-07T11:30:14.600943,68782,19955,21,6.041381907938924,8.243562101175746,25,8,0.2867408133443488,NORMAL
2026-09-07T11:30:15.610763,68859,19963,43,3.577035787033822,22.722156152614684,77,8,0.13940786143362455,NORMAL
2026-09-07T11:30:16.619540,68945,19971,117,6.3311236864066815,91.16608508255773,86,8,0.8425065817714568,ANOMALY
2026-09-07T11:30:17.620584,68967,20001,32,1.3307481513556765,23.50192127122815,22,30,0.22408600959597408,NORMAL
2026-09-07T11:30:18.621886,68994,20017,50,3.3723122338785405,28.024712289384528,27,16,0.0763219602038825,NORMAL
2026-09-07 11:30:19.154256,50.0,50.0,0.0,0.0,3950.0,18.4275,34.9795,0.0,0.0,0.0,0.0,1,0.0,NORMAL
2026-09-07T11:30:19.622731,69042,20045,40,6.248752225585985,12.971955354827458,48,28,0.12445829873916493,NORMAL
2026-09-07T11:30:20.623708,69071,20072,41,1.6651522586633867,28.882761196017306,29,27,0.2841327055125218,NORMAL
2026-09-07T11:30:21.624765,69119,20089,24,6.432222854273228,20.478198320252915,48,17,0.19507080400569501,NORMAL
2026-09-07T11:30:22.625919,69161,20110,13,1.1201315853696379,16.15384220538203,42,21,0.29437409625392846,NORMAL
2026-09-07T11:30:23.627057,69207,20129,44,4.242088588200249,18.353670355043878,46,19,0.02001608783003601,NORMAL
2026-09-07 11:30:24.277001,50.0,50.0,0.0,0.0,3950.0,18.4275,34.9795,0.0,0.0,0.0,0.0,1,0.0,NORMAL
2026-09-07T11:30:24.630015,69248,20146,34,6.747483648864992,20.621217287975004,41,17,0.06890497992413226,NORMAL
2026-09-07T11:30:25.632082,69310,20168,17,4.506156510566344,10.178760842528904,62,22,0.22702269763511632,NORMAL
2026-09-07T11:30:26.634711,69381,20197,6,4.682585426978483,25.196189021884923,71,29,0.21587736508440067,NORMAL
2026-09-07T11:30:27.637596,69474,20207,39,4.865585925840893,14.274099315710792,93,10,0.002907013996704988,NORMAL
2026-09-07T11:30:28.639618,69512,20231,6,7.003417271567825,29.241431047129293,38,24,0.21520383799477852,NORMAL
2026-09-07 11:30:29.378677,50.0,50.0,0.0,0.0,3950.0,18.4275,34.9795,0.0,0.0,0.0,0.0,1,0.0,NORMAL
2026-09-07T11:30:29.642374,69551,20247,30,1.3134559607371776,27.787515228264994,39,16,0.29791995588701264,NORMAL
2026-09-07T11:30:30.644337,69602,20262,10,6.732588933326964,7.143717825995275,51,15,0.04973394485052106,NORMAL
2026-09-07T11:30:31.646519,69683,20267,7,2.459414922512223,19.89565517588302,81,5,0.12989552039750013,NORMAL
2026-09-07T11:30:32.647989,69771,20274,5,1.9166343144568088,24.597792363865906,88,7,0.05914027592749313,NORMAL
2026-09-07T11:30:33.651330,69814,20298,40,6.057794927023355,9.714827011623424,43,24,0.006382738609156946,NORMAL
2026-09-07 11:30:34.458744,50.0,50.0,0.0,0.0,3950.0,18.4275,34.9795,0.0,0.0,0.0,0.0,1,0.0,NORMAL
2026-09-07T11:30:34.654730,69888,20317,25,7.57319502281285,17.516207403103532,74,19,0.19393115031030567,NORMAL
2026-09-07T11:30:35.656762,69914,20330,18,1.5274048506681166,20.355305589806278,26,13,0.02645438935579698,NORMAL
2026-09-07T11:30:36.660114,69952,20353,14,6.448618771252857,18.97456623406455,38,23,0.19127824556571635,NORMAL
2026-09-07T11:30:37.663403,70025,20358,29,3.00722606288096,16.87231431229029,73,5,0.13922291084132415,NORMAL
2026-09-07T11:30:38.665516,70100,20384,40,1.3053281957344962,13.100911950693417,75,26,0.030529827711462197,NORMAL
2026-09-07 11:30:39.550833,50.0,50.0,0.0,0.0,3950.0,18.4275,34.9795,0.0,0.0,0.0,0.0,1,0.0,NORMAL
2026-09-07T11:30:39.667923,70126,20398,18,3.9136572617018492,25.39749660227263,26,14,0.11179815128179818,NORMAL
2026-09-07T11:30:40.674607,70198,20428,38,6.105880415571658,19.715554097579783,72,30,0.06664723727866508,NORMAL
2026-09-07T11:30:41.678903,70260,20437,85,5.6357498758477576,30.62622002390619,62,9,0.8372885687364846,ANOMALY
2026-09-07T11:30:42.681267,70327,20462,21,39.269580157221576,62.955004672304476,67,25,0.8204036876763076,ANOMALY
2026-09-07T11:30:43.688636,70373,20488,78,39.87805462003337,52.60133116142779,46,26,0.924991134715848,ANOMALY
2026-09-07T11:30:44.695655,70397,20504,22,3.960094639719688,29.65764447398133,24,16,0.014125458437520454,NORMAL
2026-09-07 11:30:44.632723,50.0,50.0,0.0,0.0,3950.0,18.4275,34.9795,0.0,0.0,0.0,0.0,1,0.0,NORMAL
2026-09-07T11:30:45.698514,70480,20525,20,7.508362651374086,25.504990982635334,83,21,0.14514837615896237,NORMAL
2026-09-07T11:30:46.699949,70553,20546,43,2.906115163917624,28.804354059082744,73,21,0.2607954574185284,NORMAL
2026-09-07T11:30:47.701518,70641,20565,28,7.961600744047257,23.34518965112799,88,19,0.016873240793013056,NORMAL
2026-09-07T11:30:48.706022,70668,20591,26,1.6737208249781126,11.059888004909237,27,26,0.19185148103172786,NORMAL
2026-09-07T11:30:49.708041,70710,20620,36,5.783023269664944,11.944463462575758,42,29,0.02844131781317305,NORMAL
2026-09-07 11:30:49.744389,50.0,50.0,0.0,0.0,3950.0,18.4275,34.9795,0.0,0.0,0.0,0.0,1,0.0,NORMAL
2026-09-07T11:30:50.711695,70788,20637,49,4.808491116119992,6.763167515983769,78,17,0.2040946126057358,NORMAL
2026-09-07T11:30:51.721076,70842,20650,10,5.991103158061628,21.797356492132323,54,13,0.11530821837852277,NORMAL
2026-09-07T11:30:52.724221,70922,20668,21,6.4830929184745205,9.462429880486804,80,18,0.17149355970254815,NORMAL
2026-09-07T11:30:53.726345,70958,20691,48,2.218867090191094,9.77041510412232,36,23,0.14964143359881918,NORMAL
2026-09-07T11:30:54.734230,70983,20713,46,3.2886265078014776,16.627058752014534,25,22,0.03800393369924319,NORMAL
2026-09-07 11:30:54.827550,50.0,50.0,0.0,0.0,3950.0,18.4275,34.9795,0.0,0.0,0.0,0.0,1,0.0,NORMAL
2026-09-07T11:30:55.736376,71043,20730,41,1.4605232857613184,11.605921295955149,60,17,0.28566302830476964,NORMAL
2026-09-07T11:30:56.740255,71119,20744,15,4.3088112254979825,22.52454573791184,76,14,0.03135217656537804,NORMAL
2026-09-07T11:30:57.742031,71202,20766,34,3.8296295725239977,26.758660718841043,83,22,0.11538052313044378,NORMAL
2026-09-07T11:30:58.745117,71297,20793,34,1.478867595054568,12.159466817958432,95,27,0.013616238929178548,NORMAL
2026-09-07T11:30:59.747380,71388,20812,45,5.47348411606405,25.458911940558544,91,19,0.1988211859134115,NORMAL
2026-09-07 11:30:59.913036,50.0,50.0,0.0,0.0,3950.0,18.4275,34.9795,0.0,0.0,0.0,0.0,1,0.0,NORMAL
2026-09-07T11:31:00.756079,71488,20832,39,7.706651407564016,10.367565771863466,100,20,0.23476664220630278,NORMAL
2026-09-07T11:31:01.759242,71551,20859,50,7.462368224139777,12.68251125628213,63,27,0.1534707808048395,NORMAL
2026-09-07T11:31:02.761444,71576,20878,31,7.959410695704848,8.276233315919717,25,19,0.18550673591218492,NORMAL
2026-09-07T11:31:03.770442,71669,20896,35,3.752572541785739,21.199798946853853,93,18,0.1537447513384041,NORMAL
2026-09-07T11:31:04.773540,71755,20906,22,1.4647777092158227,25.684138471015885,86,10,0.04643528242184259,NORMAL
2026-09-07 11:31:04.987236,50.0,50.0,0.0,0.0,3950.0,18.4275,34.9795,0.0,0.0,0.0,0.0,1,0.0,NORMAL
2026-09-07T11:31:05.774982,71822,20930,32,5.28792741065108,19.047074387928042,67,24,0.2949786610186055,NORMAL
2026-09-07T11:31:06.778473,71919,20955,38,5.442945203706055,9.348037160256226,97,25,0.11779448361257572,NORMAL
2026-09-07T11:31:07.780223,72016,20981,15,6.10700625463,29.335577822489302,97,26,0.22995629816309204,NORMAL
2026-09-07T11:31:08.781935,72067,20991,24,4.674704648294048,5.881998543142323,51,10,0.28414048678605264,NORMAL
2026-09-07T11:31:09.783945,72104,21016,44,5.30299218153088,9.18624857385672,37,25,0.015071497129605892,NORMAL
2026-09-07 11:31:10.076396,50.0,50.0,0.0,0.0,3950.0,18.4275,34.9795,0.0,0.0,0.0,0.0,1,0.0,NORMAL
2026-09-07T11:31:10.785754,72174,21045,96,33.63556213061823,63.97125068496009,70,29,0.9990346816389443,ANOMALY
2026-09-07T11:31:11.788657,72254,21063,12,5.110953204177363,18.203525342958287,80,18,0.20284207690543374,NORMAL
2026-09-07T11:31:12.790778,72303,21089,35,3.0700013472159737,10.558061135764618,49,26,0.0418522243698033,NORMAL
2026-09-07T11:31:13.792723,72362,21115,116,39.26514868386767,21.406057597896556,59,26,0.962603010376338,ANOMALY
2026-09-07T11:31:14.794808,72413,21128,17,2.153773343862851,28.2357023415948,51,13,0.08848699611249361,NORMAL
2026-09-07 11:31:15.174610,50.0,50.0,0.0,0.0,3950.0,18.4275,34.9795,0.0,0.0,0.0,0.0,1,0.0,NORMAL
2026-09-07T11:31:15.799035,72494,21141,37,5.294286284602641,28.457537536190408,81,13,0.18080897600154008,NORMAL
2026-09-07T11:31:16.800972,72515,21163,11,7.462004266167972,14.915706126505968,21,22,0.09546879264387746,NORMAL
2026-09-07T11:31:17.803048,72544,21184,11,5.081429663444435,15.264601706842175,29,21,0.024356408049307932,NORMAL
2026-09-07T11:31:18.804393,72615,21209,45,7.972228289071908,7.18572563133552,71,25,0.2447266977720744,NORMAL
2026-09-07T11:31:19.805250,72659,21233,10,5.451657765607639,23.30111473223712,44,24,0.019460165810769137,NORMAL
2026-09-07 11:31:20.256272,50.0,50.0,0.0,0.0,3950.0,18.4275,34.9795,0.0,0.0,0.0,0.0,1,0.0,NORMAL
2026-09-07T11:31:20.806098,72735,21239,35,4.178774356408374,29.703971252554442,76,6,0.11508463425293801,NORMAL
2026-09-07T11:31:21.807492,72803,21252,48,1.6442668484508696,29.138296403551134,68,13,0.20201187870276213,NORMAL
2026-09-07T11:31:22.809262,72874,21280,27,5.68599703857779,13.793470938165854,71,28,0.03887227737724214,NORMAL
2026-09-07T11:31:23.810278,72921,21294,45,3.811736203276163,8.16470400538071,47,14,0.24108757301239167,NORMAL
2026-09-07T11:31:24.811501,72949,21320,11,1.7491553746603994,6.738477261249347,28,26,0.1876936337335454,NORMAL
2026-09-07 11:31:25.298835,50.0,50.0,0.0,0.0,3950.0,18.4275,34.9795,0.0,0.0,0.0,0.0,1,0.0,NORMAL
2026-09-07T11:31:25.812480,72977,21349,28,5.681183646593613,8.942029799108573,28,29,0.24816989867794148,NORMAL
2026-09-07T11:31:26.814517,73070,21356,24,1.3031971576213754,9.059714461420462,93,7,0.0642876584249213,NORMAL
2026-09-07T11:31:27.815447,73124,21362,20,3.218456393020736,19.818341877039735,54,6,0.17803125037593345,NORMAL
2026-09-07T11:31:28.817153,73221,21377,37,6.214400767118956,15.32195106045301,97,15,0.19263240716390972,NORMAL
2026-09-07T11:31:29.818326,73304,21407,64,9.006941062689595,28.27744977194664,83,30,0.833178625533451,ANOMALY
2026-09-07 11:31:30.367977,50.0,50.0,0.0,0.0,3950.0,18.4275,34.9795,0.0,0.0,0.0,0.0,1,0.0,NORMAL
2026-09-07T11:31:30.819661,73389,21417,13,2.947510423566825,13.217768753478062,85,10,0.029326924776890605,NORMAL
2026-09-07T11:31:31.820938,73462,21427,87,55.91655734311902,68.44311019707119,73,10,0.8529789323635403,ANOMALY
2026-09-07T11:31:32.822079,73506,21434,40,3.645362853012878,5.559267632915741,44,7,0.010739778904044072,NORMAL
2026-09-07T11:31:33.822903,73550,21441,41,1.8619243030468127,13.836744522033484,44,7,0.17980197228669384,NORMAL
2026-09-07T11:31:34.824933,73616,21452,45,6.709055005989952,13.047486374010917,66,11,0.14842262896629496,NORMAL
2026-09-07 11:31:35.410642,50.0,50.0,0.0,0.0,3950.0,18.4275,34.9795,0.0,0.0,0.0,0.0,1,0.0,NORMAL
2026-09-07T11:31:35.826095,73693,21459,43,1.2544228624026654,5.491532074238496,77,7,0.2417098688990984,NORMAL
2026-09-07T11:31:36.827259,73759,21481,43,7.615461849205484,22.299305562112373,66,22,0.25678247011650196,NORMAL
2026-09-07T11:31:37.828068,73818,21502,48,3.8707762102371106,7.800833471902248,59,21,0.11664924773352513,NORMAL
2026-09-07T11:31:38.829094,73890,21515,128,34.81953755006265,115.83234339277244,72,13,0.8261425440640349,ANOMALY
2026-09-07T11:31:39.829939,73938,21538,5,1.3229940804998894,27.709288143693147,48,23,0.13016025685666596,NORMAL
2026-09-07 11:31:40.479631,50.0,50.0,0.0,0.0,3950.0,18.4275,34.9795,0.0,0.0,0.0,0.0,1,0.0,NORMAL
2026-09-07T11:31:40.831605,73999,21563,13,2.3104866005885314,9.59434701860115,61,25,0.15490552541727115,NORMAL
2026-09-07T11:31:41.833838,74048,21574,17,5.647158516731783,21.07319562182233,49,11,0.18630841097277445,NORMAL
2026-09-07T11:31:42.834831,74124,21599,9,6.65727498863794,6.303314931161525,76,25,0.13875335394231747,NORMAL
2026-09-07T11:31:43.835841,74210,21611,48,2.763670774999132,11.21633912800777,86,12,0.23098558074414927,NORMAL
2026-09-07T11:31:44.836797,74294,21635,22,3.4503128301073542,8.446151060428178,84,24,0.15166579745383776,NORMAL
2026-09-07 11:31:45.532430,50.0,50.0,0.0,0.0,3950.0,18.4275,34.9795,0.0,0.0,0.0,0.0,1,0.0,NORMAL
2026-09-07T11:31:45.837453,74389,21647,28,3.3994989213663254,19.82316919921011,95,12,0.21455600246643297,NORMAL
2026-09-07T11:31:46.838186,74450,21661,16,6.178409173295401,26.302668229088706,61,14,0.1050057746598414,NORMAL
2026-09-07T11:31:47.839308,74498,21678,48,7.115582574746704,29.47350145245604,48,17,0.1805098029054402,NORMAL
2026-09-07T11:31:48.840200,74574,21688,184,27.873689612417994,27.210052083176837,76,10,0.8670279681597524,ANOMALY
2026-09-07T11:31:49.840988,74629,21716,37,7.641489867795126,22.42124872440519,55,28,0.15476297374681483,NORMAL
2026-09-07 11:31:50.601369,50.0,50.0,0.0,0.0,3950.0,18.4275,34.9795,0.0,0.0,0.0,0.0,1,0.0,NORMAL
2026-09-07T11:31:50.842294,74694,21743,25,3.3139546883828808,21.23058737076163,65,27,0.034963772265523864,NORMAL
2026-09-07T11:31:51.843273,74774,21763,16,6.677513440884721,13.416079991400263,80,20,0.12795590152533307,NORMAL
2026-09-07T11:31:52.844411,74845,21777,37,6.717447804186522,10.829950338682107,71,14,0.09245822805393053,NORMAL
2026-09-07T11:31:53.845509,74895,21807,27,2.226724958947914,5.337952833793717,50,30,0.20828164428784743,NORMAL
2026-09-07T11:31:54.846718,74932,21823,19,6.655609702125046,11.992883091076997,37,16,0.23053592555385863,NORMAL
2026-09-07 11:31:55.651237,50.0,50.0,0.0,0.0,3950.0,18.4275,34.9795,0.0,0.0,0.0,0.0,1,0.0,NORMAL
2026-09-07T11:31:55.847866,74974,21853,33,2.6498131977829047,28.73902537194774,42,30,0.004391467325481502,NORMAL
2026-09-07T11:31:56.848643,75019,21882,47,5.237787538497435,10.953997955363846,45,29,0.1760491811981019,NORMAL
2026-09-07T11:31:57.849600,75079,21911,27,1.7625162946110824,26.095894702922944,60,29,0.03913911987805469,NORMAL
2026-09-07T11:31:58.850510,75177,21935,27,2.126090715393181,13.37880815400434,98,24,0.17934980587974494,NORMAL
2026-09-07T11:31:59.851281,75274,21953,46,3.481072859621691,14.298805027730396,97,18,0.2781219397028583,NORMAL
2026-09-07 11:32:00.691853,50.0,50.0,0.0,0.0,3950.0,18.4275,34.9795,0.0,0.0,0.0,0.0,1,0.0,NORMAL
2026-09-07T11:32:00.852280,75337,21965,26,5.301759248833597,15.204181802895224,63,12,0.14505312089453162,NORMAL
2026-09-07T11:32:01.853465,75396,21994,49,5.3658607292642895,24.27023402528811,59,29,0.1935069777802825,NORMAL
2026-09-07T11:32:02.854653,75421,22018,41,6.214871798191068,21.847950274008493,25,24,0.2802539371342685,NORMAL
2026-09-07T11:32:03.855995,75487,22027,43,3.76400383890727,12.405241158625213,66,9,0.18655035082391905,NORMAL
2026-09-07T11:32:04.857854,75567,22040,15,6.181821763058316,5.80239144887404,80,13,0.27450823858217005,NORMAL
2026-09-07 11:32:05.738008,50.0,50.0,0.0,0.0,3950.0,18.4275,34.9795,0.0,0.0,0.0,0.0,1,0.0,NORMAL
2026-09-07T11:32:05.860413,75601,22054,37,5.5794051075080064,8.579526542233442,34,14,0.1570056640107675,NORMAL
2026-09-07T11:32:06.862370,75671,22078,47,6.612364914861691,29.620006189850155,70,24,0.22015150219390073,NORMAL
2026-09-07T11:32:07.863412,75739,22093,11,7.390212623825604,29.660628929969103,68,15,0.20412412269736452,NORMAL
2026-09-07T11:32:08.864374,75831,22112,42,2.77633898063717,19.766971018368658,92,19,0.21824114536022196,NORMAL
2026-09-07T11:32:09.865171,75912,22127,21,22.116753126697382,91.88857112855911,81,15,0.8363859640368998,ANOMALY
2026-09-07 11:32:10.785395,50.0,50.0,0.0,0.0,3950.0,18.4275,34.9795,0.0,0.0,0.0,0.0,1,0.0,NORMAL
2026-09-07T11:32:10.866243,75955,22148,39,4.647308956906306,27.980478343168965,43,21,0.1809033113213837,NORMAL
2026-09-07T11:32:11.867142,76023,22172,31,5.903497044341351,8.26070409344056,68,24,0.21955884000915113,NORMAL
2026-09-07T11:32:12.868274,76081,22178,30,6.058311229171355,6.935005378520977,58,6,0.17957531180116557,NORMAL
2026-09-07T11:32:13.869248,76154,22203,36,1.8325009027900543,12.051320332515324,73,25,0.1688554695885137,NORMAL
2026-09-07T11:32:14.870141,76227,22221,44,6.72234249990427,23.228539471007537,73,18,0.09321109419564205,NORMAL
2026-09-07T11:32:15.871663,76248,22246,44,2.3616660505342733,28.147635012369054,21,25,0.03762540509170696,NORMAL
2026-09-07 11:32:15.866883,50.0,50.0,0.0,0.0,3950.0,18.4275,34.9795,0.0,0.0,0.0,0.0,1,0.0,NORMAL
2026-09-07T11:32:16.872560,76315,22270,20,3.7318098308379684,24.05603420401148,67,24,0.1651119797980382,NORMAL
2026-09-07T11:32:17.873442,76390,22286,45,3.559655137897159,26.74337532245099,75,16,0.05761695178312656,NORMAL
2026-09-07T11:32:18.874531,76420,22305,48,1.1574584687921217,29.768932049316003,30,19,0.29072042136941456,NORMAL
2026-09-07T11:32:19.876023,76451,22329,13,5.452364329017517,17.268811065770965,31,24,0.18021540261092536,NORMAL
2026-09-07T11:32:20.877762,76539,22338,24,5.241602260854761,9.574565520277327,88,9,0.2944857691122979,NORMAL
2026-09-07 11:32:20.954879,50.0,50.0,0.0,0.0,3950.0,18.4275,34.9795,0.0,0.0,0.0,0.0,1,0.0,NORMAL
2026-09-07T11:32:21.879633,76592,22355,165,15.066895482067817,149.33075320012105,53,17,0.8557608421298336,ANOMALY
2026-09-07T11:32:22.881107,76645,22372,46,7.120208182372542,17.464890330805424,53,17,0.28119320547160903,NORMAL
2026-09-07T11:32:23.882141,76687,22379,46,4.786778961686277,18.96256183288841,42,7,0.2927504078448095,NORMAL
2026-09-07T11:32:24.883351,76745,22399,32,4.727474523716758,12.232225783694343,58,20,0.13467615296530003,NORMAL
2026-09-07T11:32:25.884445,76810,22419,44,3.5806386768020007,29.246704695633113,65,20,0.01016743485022642,NORMAL
2026-09-07 11:32:25.993718,50.0,50.0,0.0,0.0,3950.0,18.4275,34.9795,0.0,0.0,0.0,0.0,1,0.0,NORMAL
2026-09-07T11:32:26.886146,76850,22429,7,7.326674560805538,20.731870487859887,40,10,0.040002115955555896,NORMAL
2026-09-07T11:32:27.887457,76929,22451,32,5.890450564709394,11.764711401812047,79,22,0.073889683242993,NORMAL
2026-09-07T11:32:28.888565,76963,22469,46,3.2053407645732146,29.714160605538463,34,18,0.04892450371262601,NORMAL
2026-09-07T11:32:29.889493,77044,22490,47,1.2503581993612198,14.57849462084654,81,21,0.21223714694098858,NORMAL
2026-09-07T11:32:30.890481,77137,22495,13,4.58466276455736,15.133675906788724,93,5,0.16212865661454978,NORMAL
2026-09-07 11:32:31.039492,50.0,50.0,0.0,0.0,3950.0,18.4275,34.9795,0.0,0.0,0.0,0.0,1,0.0,NORMAL
2026-09-07T11:32:31.891354,77176,22523,13,4.777043470025909,29.189051694830177,39,28,0.09749831656724219,NORMAL
2026-09-07T11:32:32.892403,77255,22549,25,2.4958566251771472,6.102636800526155,79,26,0.08166327653497933,NORMAL
2026-09-07T11:32:33.893155,77298,22567,50,4.638460386685731,7.067085762825071,43,18,0.25004601927114967,NORMAL
2026-09-07T11:32:34.896003,77392,22593,37,2.5928916023810573,28.490280036908768,94,26,0.10442963766612195,NORMAL
2026-09-07T11:32:35.897085,77438,22617,5,5.213472294827746,21.21893345712344,46,24,0.08710249591799894,NORMAL
2026-09-07 11:32:36.080427,50.0,50.0,0.0,0.0,3950.0,18.4275,34.9795,0.0,0.0,0.0,0.0,1,0.0,NORMAL
2026-09-07T11:32:36.897995,77529,22623,45,3.543670372938386,19.012547445202575,91,6,0.22263131083177115,NORMAL
2026-09-07T11:32:37.899534,77587,22651,20,7.565821359637051,6.451434773553722,58,28,0.21971501473734387,NORMAL
2026-09-07T11:32:38.900644,77661,22670,42,4.989111208945891,9.6244618121296,74,19,0.016386023017043703,NORMAL
2026-09-07T11:32:39.901848,77701,22690,25,6.177127973026018,5.315951830564365,40,20,0.23319766797728086,NORMAL
2026-09-07T11:32:40.902603,77785,22707,50,4.244197521655501,8.6036952606875,84,17,0.26372273896437237,NORMAL
2026-09-07 11:32:41.137139,50.0,50.0,0.0,0.0,3950.0,18.4275,34.9795,0.0,0.0,0.0,0.0,1,0.0,NORMAL
2026-09-07T11:32:41.904025,77862,22718,36,6.904694114419283,28.75827255588281,77,11,0.05706488493394979,NORMAL
2026-09-07T11:32:42.907616,77897,22741,11,2.6131283390276145,8.191184501810547,35,23,0.07331479879390403,NORMAL
2026-09-07T11:32:43.908703,77986,22750,33,3.7609998098373993,14.217982002804643,89,9,0.29841486248412763,NORMAL
2026-09-07T11:32:44.909915,78073,22756,37,1.2279078680750342,16.63080296202836,87,6,0.27513497783216717,NORMAL
2026-09-07T11:32:45.912045,78126,22761,8,3.113042037690185,18.571537695411855,53,5,0.2293947753060352,NORMAL
2026-09-07 11:32:46.188505,50.0,50.0,0.0,0.0,3950.0,18.4275,34.9795,0.0,0.0,0.0,0.0,1,0.0,NORMAL
2026-09-07T11:32:46.913467,78169,22769,116,9.126665607878861,68.86620746798368,43,8,0.9016360079523092,ANOMALY
2026-09-07T11:32:47.914669,78252,22792,39,5.5652428273935834,14.693906249797838,83,23,0.163618863370569,NORMAL
2026-09-07T11:32:48.916026,78291,22806,7,2.1777682152046713,29.17924882409492,39,14,0.13034703645783716,NORMAL
2026-09-07T11:32:49.917147,78320,22835,14,1.326891580297909,21.51802851109213,29,29,0.152218734943487,NORMAL
2026-09-07T11:32:50.918021,78414,22852,35,4.698293166173141,9.226189064170491,94,17,0.13049372269818368,NORMAL
2026-09-07 11:32:51.279339,50.0,50.0,0.0,0.0,3950.0,18.4275,34.9795,0.0,0.0,0.0,0.0,1,0.0,NORMAL
2026-09-07T11:32:51.919331,78469,22859,8,7.921905431632195,23.461422380352133,55,7,0.24234922984509555,NORMAL
2026-09-07T11:32:52.920864,78564,22884,32,1.9184232016169847,21.292529849174876,95,25,0.0892942299659202,NORMAL
2026-09-07T11:32:53.921942,78623,22913,34,2.1161024034529348,22.36473885105651,59,29,0.11935628276450802,NORMAL
2026-09-07T11:32:54.923038,78718,22929,5,5.151596744305699,9.296087364356474,95,16,0.007620992072308264,NORMAL
2026-09-07T11:32:55.924242,78745,22942,12,7.314084726916757,11.21939516059887,27,13,0.29994737061621657,NORMAL
2026-09-07 11:32:56.335566,50.0,50.0,0.0,0.0,3950.0,18.4275,34.9795,0.0,0.0,0.0,0.0,1,0.0,NORMAL
2026-09-07T11:32:56.925736,78787,22955,5,6.135075190806008,22.283809186077132,42,13,0.12183620552930181,NORMAL
2026-09-07T11:32:57.927012,78860,22965,31,4.711057657710446,24.542957911834556,73,10,0.2325335758006692,NORMAL
2026-09-07T11:32:58.927874,78906,22987,7,3.8406999899665033,22.75103278152844,46,22,0.15423380022465769,NORMAL
2026-09-07T11:32:59.929928,78971,22995,34,4.041600580460733,7.105208919558896,65,8,0.22210978364819395,NORMAL
2026-09-07T11:33:00.930769,79024,23014,6,2.622017403096141,22.01712987254219,53,19,0.1915866292507749,NORMAL
2026-09-07 11:33:01.434633,50.0,50.0,0.0,0.0,3950.0,18.4275,34.9795,0.0,0.0,0.0,0.0,1,0.0,NORMAL
2026-09-07T11:33:01.931646,79065,23039,28,7.958237790471263,9.629502119649018,41,25,0.2947973573934825,NORMAL
2026-09-07T11:33:02.932324,79140,23046,23,2.3245826703378354,7.490950232077327,75,7,0.1670187269324147,NORMAL
2026-09-07T11:33:03.933361,79224,23072,26,3.8719472874465315,27.95519473071395,84,26,0.23729541353616865,NORMAL
2026-09-07T11:33:04.934482,79261,23081,33,3.487480523477258,26.013870896639826,37,9,0.015317226662505722,NORMAL
2026-09-07T11:33:05.935690,79296,23092,21,7.077646626254296,10.858684152523459,35,11,0.11699250938967305,NORMAL
2026-09-07 11:33:06.471222,50.0,50.0,0.0,0.0,3950.0,18.4275,34.9795,0.0,0.0,0.0,0.0,1,0.0,NORMAL
2026-09-07T11:33:06.937219,79384,23105,6,6.3371564957806825,8.760519543753135,88,13,0.2115456011352822,NORMAL
2026-09-07T11:33:07.938404,79435,23125,14,3.6657179906372352,8.064754760884991,51,20,0.1526107426635888,NORMAL
2026-09-07T11:33:08.939199,79488,23130,8,4.809906863763184,28.282371829463212,53,5,0.10100827572517404,NORMAL
2026-09-07T11:33:09.941064,79574,23154,27,2.668185459227446,26.08619711752743,86,24,0.10819913793417985,NORMAL
2026-09-07T11:33:10.942448,79608,23172,17,2.2020866823773595,14.966964695714278,34,18,0.011535639318031575,NORMAL
2026-09-07 11:33:11.558906,50.0,50.0,0.0,0.0,3950.0,18.4275,34.9795,0.0,0.0,0.0,0.0,1,0.0,NORMAL
2026-09-07T11:33:11.943265,79705,23196,36,5.263478698358901,22.01158321201494,97,24,0.2215636177687453,NORMAL
2026-09-07T11:33:12.944308,79753,23208,30,6.638997176303983,15.714002839306177,48,12,0.13424342542265022,NORMAL
2026-09-07T11:33:13.945114,79812,23220,39,2.1463777485285025,28.19601402103849,59,12,0.1074148474217227,NORMAL
2026-09-07T11:33:14.945943,79853,23225,28,4.655981567826476,17.114389707026977,41,5,0.1322137511978737,NORMAL
2026-09-07T11:33:15.946972,79937,23243,10,6.254470283632802,18.693799785140385,84,18,0.19312432686022593,NORMAL
2026-09-07 11:33:16.593737,50.0,50.0,0.0,0.0,3950.0,18.4275,34.9795,0.0,0.0,0.0,0.0,1,0.0,NORMAL
2026-09-07T11:33:16.948225,79960,23255,14,6.254709661846046,19.006970449289064,23,12,0.08059192476372622,NORMAL
2026-09-07T11:33:17.949387,80022,23280,30,1.437305202197618,7.460628762290906,62,25,0.04621918279132354,NORMAL
2026-09-07T11:33:18.950831,80086,23305,5,3.3932404875869002,12.055068271981572,64,25,0.002827209993022672,NORMAL
2026-09-07T11:33:19.951972,80130,23318,35,4.9876337397669825,13.025793657064979,44,13,0.0967600936234015,NORMAL
2026-09-07T11:33:20.953018,80210,23327,43,4.881956487388912,16.257442772942895,80,9,0.2535548871323285,NORMAL
2026-09-07 11:33:21.636359,50.0,50.0,0.0,0.0,3950.0,18.4275,34.9795,0.0,0.0,0.0,0.0,1,0.0,NORMAL
2026-09-07T11:33:21.955181,80295,23346,15,5.2485216039578635,22.629377765780685,85,19,0.15980820328503045,NORMAL
2026-09-07T11:33:22.956004,80344,23374,50,4.977085932461083,29.514852920814047,49,28,0.19378459225581626,NORMAL
2026-09-07T11:33:23.957446,80370,23387,25,3.998545954526111,28.60915855232734,26,13,0.15927556917696442,NORMAL
2026-09-07T11:33:24.958286,80440,23411,34,5.352855825331727,11.82019794884722,70,24,0.0431423792986202,NORMAL
2026-09-07T11:33:25.959313,80468,23425,47,2.8712271222656653,8.899040272393837,28,14,0.09084824264715953,NORMAL
2026-09-07 11:33:26.688369,50.0,50.0,0.0,0.0,3950.0,18.4275,34.9795,0.0,0.0,0.0,0.0,1,0.0,NORMAL
2026-09-07T11:33:26.960435,80505,23448,24,5.939844418235445,9.15426408425392,37,23,0.2754148543328697,NORMAL
2026-09-07T11:33:27.961178,80537,23464,31,5.949651184063047,7.351955848872753,32,16,0.26442975126778107,NORMAL
2026-09-07T11:33:28.962108,80559,23480,32,2.3537050937935415,11.628091238582915,22,16,0.18091548559067935,NORMAL
2026-09-07T11:33:29.967065,80654,23503,46,2.926419523690209,19.447985051416104,95,23,0.2646939977946755,NORMAL
2026-09-07T11:33:30.969107,80707,23521,25,5.698442117111173,15.76637759282541,53,18,0.22233851142443076,NORMAL
2026-09-07 11:33:31.769852,50.0,50.0,0.0,0.0,3950.0,18.4275,34.9795,0.0,0.0,0.0,0.0,1,0.0,NORMAL
2026-09-07T11:33:31.972171,80762,23542,20,1.146449454743037,17.52597685814572,55,21,0.11788611044160827,NORMAL
2026-09-07T11:33:32.975278,80805,23569,10,4.481702856398,25.741651621214917,43,27,0.21408402958708475,NORMAL
2026-09-07T11:33:33.979303,80900,23577,49,2.1782104829935425,25.433949138653865,95,8,0.22153758210759014,NORMAL
2026-09-07T11:33:34.983897,80988,23602,49,4.592297935029857,18.050209885350235,88,25,0.2809533658925069,NORMAL
2026-09-07T11:33:35.986593,81057,23629,40,4.5677943082600905,17.531423265098116,69,27,0.21105124955552412,NORMAL
2026-09-07 11:33:36.863816,50.0,50.0,0.0,0.0,3950.0,18.4275,34.9795,0.0,0.0,0.0,0.0,1,0.0,NORMAL
2026-09-07T11:33:36.990411,81100,23657,34,6.1089070046697875,12.616129197542062,43,28,0.2884025980442415,NORMAL
2026-09-07T11:33:37.992879,81138,23687,19,5.654953318042196,22.52732720440124,38,30,0.14878491517935946,NORMAL
2026-09-07T11:33:38.997409,81196,23700,48,3.1667524468073025,25.21631081829101,58,13,0.0027683182378276717,NORMAL
2026-09-07T11:33:40.004027,81293,23720,7,2.5376008002618624,18.37250317582076,97,20,0.08275222399767176,NORMAL
2026-09-07T11:33:41.005985,81330,23735,141,38.005785223904425,94.59317082814874,37,15,0.9206257020178528,ANOMALY
2026-09-07T11:33:42.007353,81375,23762,30,4.699015583439702,29.2459146071412,45,27,0.27386420803328587,NORMAL
2026-09-07 11:33:41.930239,50.0,50.0,0.0,0.0,3950.0,18.4275,34.9795,0.0,0.0,0.0,0.0,1,0.0,NORMAL
2026-09-07T11:33:43.008218,81471,23775,49,4.558369313135026,20.592338881569724,96,13,0.023430418799431186,NORMAL
2026-09-07T11:33:44.009339,81559,23785,47,7.727675359782426,12.949488711118407,88,10,0.13988950609760253,NORMAL
2026-09-07T11:33:45.010359,81611,23811,47,4.532928042797372,19.10194719506888,52,26,0.03982332967072592,NORMAL
2026-09-07T11:33:46.012046,81643,23821,13,1.0599976959787538,26.099200565860883,32,10,0.1441050288740001,NORMAL
2026-09-07T11:33:47.016034,81741,23832,14,5.746800394486405,18.49976660921079,98,11,0.0732297349090408,NORMAL
2026-09-07 11:33:47.024901,50.0,50.0,0.0,0.0,3950.0,18.4275,34.9795,0.0,0.0,0.0,0.0,1,0.0,NORMAL
2026-09-07T11:33:48.017291,81791,23860,30,7.555471965494999,28.001939241752588,50,28,0.23609991384064305,NORMAL
2026-09-07T11:33:49.018240,81841,23874,16,2.606803919639295,7.478851885620875,50,14,0.1214085346464234,NORMAL
2026-09-07T11:33:50.019391,81899,23903,80,48.2012893104182,40.51503966232226,58,29,0.8537122129644076,ANOMALY
2026-09-07T11:33:51.020184,81930,23914,24,2.8388554650490523,16.800213093257177,31,11,0.2469447018154243,NORMAL
2026-09-07T11:33:52.021635,82020,23943,33,1.2465927798644723,8.674163842694117,90,29,0.1520716400489935,NORMAL
2026-09-07 11:33:52.103068,50.0,50.0,0.0,0.0,3950.0,18.4275,34.9795,0.0,0.0,0.0,0.0,1,0.0,NORMAL
2026-09-07T11:33:53.023029,82102,23968,5,3.946552331437107,8.526286960794126,82,25,0.12327906361717819,NORMAL
2026-09-07T11:33:54.023705,82198,23978,32,1.4239690002659424,29.921287299058424,96,10,0.01771481492929239,NORMAL
2026-09-07T11:33:55.032821,82280,23997,25,7.241827366023439,25.753261478278507,82,19,0.07357704422498075,NORMAL
2026-09-07T11:33:56.034232,82306,24009,24,4.202454349690159,14.048361654381534,26,12,0.1411657371856527,NORMAL
2026-09-07T11:33:57.035478,82355,24019,288,18.606218583515098,70.33233381914972,49,10,0.9003121488942512,ANOMALY
2026-09-07 11:33:57.179297,50.0,50.0,0.0,0.0,3950.0,18.4275,34.9795,0.0,0.0,0.0,0.0,1,0.0,NORMAL
2026-09-07T11:33:58.038147,82383,24025,9,2.9815146778003214,11.016393185295179,28,6,0.13185455926253548,NORMAL
2026-09-07T11:33:59.040006,82454,24044,9,2.0045395851725685,10.363806883613723,71,19,0.2140742670218089,NORMAL
2026-09-07T11:34:00.042233,82490,24059,34,4.375513792506087,20.80232024087713,36,15,0.15360825673990217,NORMAL
2026-09-07T11:34:01.049489,82582,24078,31,1.5531743969914558,12.890483653503214,92,19,0.17189124982406156,NORMAL
2026-09-07T11:34:02.053594,82642,24101,39,4.89040194746398,15.06464449497525,60,23,0.28166333646494685,NORMAL
2026-09-07 11:34:02.275167,50.0,50.0,0.0,0.0,3950.0,18.4275,34.9795,0.0,0.0,0.0,0.0,1,0.0,NORMAL
2026-09-07T11:34:03.055897,82688,24116,16,1.5778026972200325,8.503817655162393,46,15,0.1702483448295722,NORMAL
2026-09-07T11:34:04.057718,82720,24121,27,2.931938933382087,9.11020288730915,32,5,0.054682120871722646,NORMAL
2026-09-07T11:34:05.059810,82744,24139,9,4.950636540679607,28.37580241534757,24,18,0.1400150796049563,NORMAL
2026-09-07T11:34:06.063642,82765,24146,8,6.846528494247194,22.717490210164552,21,7,0.0914433284320393,NORMAL
2026-09-07T11:34:07.071159,82803,24156,7,3.1003802884160248,19.55047925613896,38,10,0.21434111397977912,NORMAL
2026-09-07 11:34:07.367897,50.0,50.0,0.0,0.0,3950.0,18.4275,34.9795,0.0,0.0,0.0,0.0,1,0.0,NORMAL
2026-09-07T11:34:08.075186,82887,24170,252,41.19499699297315,50.674093006939636,84,14,0.9486137901430172,ANOMALY
2026-09-07T11:34:09.076423,82946,24178,17,2.845454030462302,25.667338184635092,59,8,0.29583607402369805,NORMAL
2026-09-07T11:34:10.078295,83015,24206,5,3.57539765806047,6.867306901792554,69,28,0.1085589067525813,NORMAL
2026-09-07T11:34:11.080469,83064,24226,13,1.8526359316256935,12.094055357884876,49,20,0.05365593275528902,NORMAL
2026-09-07T11:34:12.083258,83152,24234,29,7.266564973764588,8.864822136391169,88,8,0.1459829392038376,NORMAL
2026-09-07 11:34:12.434888,50.0,50.0,0.0,0.0,3950.0,18.4275,34.9795,0.0,0.0,0.0,0.0,1,0.0,NORMAL
2026-09-07T11:34:13.090202,83203,24244,75,11.207515661317112,124.11794114553703,51,10,0.917857603522745,ANOMALY
2026-09-07T11:34:14.096647,83268,24265,31,4.283085792039538,12.441098561985404,65,21,0.18666415489717297,NORMAL
2026-09-07T11:34:15.104544,83303,24283,37,5.417679632960327,27.52402636686909,35,18,0.12295790030447595,NORMAL
2026-09-07T11:34:16.108013,83373,24313,50,6.093629752303364,12.37756509859851,70,30,0.26989744653005504,NORMAL
2026-09-07T11:34:17.110176,83455,24330,39,5.797967259535797,13.732067110878464,82,17,0.014674538733404229,NORMAL
2026-09-07 11:34:17.522982,50.0,50.0,0.0,0.0,3950.0,18.4275,34.9795,0.0,0.0,0.0,0.0,1,0.0,NORMAL
2026-09-07T11:34:18.111348,83501,24355,66,26.75052078165818,144.02183104497027,46,25,0.8734427133969885,ANOMALY
2026-09-07T11:34:19.119706,83579,24381,17,7.646487058187624,29.406359994203537,78,26,0.29060704901895,NORMAL
2026-09-07T11:34:20.121662,83608,24393,114,17.773790150690996,100.11476976624296,29,12,0.9905293419269794,ANOMALY
2026-09-07T11:34:21.124715,83692,24398,28,6.352729728140373,23.219710902488398,84,5,0.036291659116047315,NORMAL
2026-09-07T11:34:22.126548,83765,24416,9,7.752570645547317,12.123909392996769,73,18,0.16105131066467487,NORMAL
2026-09-07 11:34:22.640458,50.0,50.0,0.0,0.0,3950.0,18.4275,34.9795,0.0,0.0,0.0,0.0,1,0.0,NORMAL
2026-09-07T11:34:23.128802,83852,24438,6,2.29621101177408,24.81104850680982,87,22,0.03240981302419179,NORMAL
2026-09-07T11:34:24.130243,83946,24446,19,7.176152200629926,23.061387969348548,94,8,0.25145967450268275,NORMAL
2026-09-07T11:34:25.131382,84036,24464,34,4.579903904947489,11.167706165374955,90,18,0.21922483046593022,NORMAL
2026-09-07T11:34:26.132212,84104,24480,27,7.756899424940561,17.96452251757831,68,16,0.013695022473474405,NORMAL
2026-09-07T11:34:27.137276,84155,24506,33,7.777902279951628,21.6611315800548,51,26,0.09068123156332503,NORMAL
2026-09-07 11:34:27.749206,50.0,50.0,0.0,0.0,3950.0,18.4275,34.9795,0.0,0.0,0.0,0.0,1,0.0,NORMAL
2026-09-07T11:34:28.139179,84179,24514,24,7.277501383893436,5.455352894376116,24,8,0.13754468220816798,NORMAL
2026-09-07T11:34:29.145697,84206,24522,12,7.482549242643384,14.598140924700518,27,8,0.16111150761973275,NORMAL
2026-09-07T11:34:30.146462,84250,24540,43,6.9931114739412035,28.874600594954348,44,18,0.25554175928599726,NORMAL
2026-09-07T11:34:31.147282,84311,24569,39,4.609964119092581,14.311032953259883,61,29,0.1664131741057348,NORMAL
2026-09-07T11:34:32.148437,84347,24592,28,3.558279133892376,27.136874392451695,36,23,0.05848151683554755,NORMAL
2026-09-07 11:34:32.853169,50.0,50.0,0.0,0.0,3950.0,18.4275,34.9795,0.0,0.0,0.0,0.0,1,0.0,NORMAL
2026-09-07T11:34:33.149450,84418,24599,6,2.7768082148379367,11.621230818046925,71,7,0.23048187070991663,NORMAL
2026-09-07T11:34:34.151350,84498,24626,300,24.78350830199124,42.14556813507504,80,27,0.8764866724544162,ANOMALY
2026-09-07T11:34:35.153273,84581,24639,24,1.6136448079447565,11.957667334550194,83,13,0.24158633797321188,NORMAL
2026-09-07T11:34:36.156397,84663,24654,35,7.551661114627177,12.049057609105908,82,15,0.005811598943397445,NORMAL
2026-09-07T11:34:37.157870,84691,24679,45,2.850678948496456,16.52997224471624,28,25,0.2997232499049389,NORMAL
2026-09-07 11:34:37.922377,50.0,50.0,0.0,0.0,3950.0,18.4275,34.9795,0.0,0.0,0.0,0.0,1,0.0,NORMAL
2026-09-07T11:34:38.160043,84758,24691,13,7.472077698241809,25.87780737985274,67,12,0.21282358702022536,NORMAL
2026-09-07T11:34:39.162176,84840,24707,20,4.967950709725869,8.633942192173105,82,16,0.025102187938239283,NORMAL
2026-09-07T11:34:40.164540,84882,24729,45,6.583287016161735,15.331212427528987,42,22,0.19900287090739788,NORMAL
2026-09-07T11:34:41.166250,84902,24750,28,1.025941789076649,29.603616178774935,20,21,0.047991183867600797,NORMAL
2026-09-07T11:34:42.167683,84969,24756,47,4.584855561931912,11.776064170802934,67,6,0.26576776325807044,NORMAL
2026-09-07 11:34:42.983538,50.0,50.0,0.0,0.0,3950.0,18.4275,34.9795,0.0,0.0,0.0,0.0,1,0.0,NORMAL
2026-09-07T11:34:43.169012,85061,24783,9,4.718840387261235,26.69297405135073,92,27,0.27774636804225195,NORMAL
2026-09-07T11:34:44.170335,85114,24791,40,4.341860327209417,15.32216250861418,53,8,0.19525618517239082,NORMAL
2026-09-07T11:34:45.171915,85214,24802,43,6.764953350157683,9.852352454303155,100,11,0.2825126174342082,NORMAL
2026-09-07T11:34:46.174777,85280,24813,120,36.73203203292738,81.32750916286594,66,11,0.8737831752248324,ANOMALY
2026-09-07T11:34:47.177046,85368,24834,50,5.459854563430584,26.047589849800808,88,21,0.061468911325130965,NORMAL
2026-09-07 11:34:48.066301,50.0,50.0,0.0,0.0,3950.0,18.4275,34.9795,0.0,0.0,0.0,0.0,1,0.0,NORMAL
2026-09-07T11:34:48.180305,85428,24856,18,5.973681151681031,7.067459361344298,60,22,0.10761236742323323,NORMAL
2026-09-07T11:34:49.181765,85504,24876,13,7.168019522151957,25.082532459435935,76,20,0.1910931775681661,NORMAL
2026-09-07T11:34:50.184082,85558,24893,20,7.976265736187029,6.1748695077211435,54,17,0.11830498342120666,NORMAL
2026-09-07T11:34:51.186116,85614,24908,44,6.046296369571729,14.77850393196665,56,15,0.01202611400963811,NORMAL
2026-09-07T11:34:52.187665,85688,24935,30,5.370726334596345,23.383854650309637,74,27,0.064511350710531,NORMAL
2026-09-07T11:34:53.191331,85757,24951,12,3.4845954841449975,23.796425098560164,69,16,0.21659111126756708,NORMAL
2026-09-07 11:34:53.146296,50.0,50.0,0.0,0.0,3950.0,18.4275,34.9795,0.0,0.0,0.0,0.0,1,0.0,NORMAL
2026-09-07T11:34:54.194126,85828,24968,34,2.96898271047491,16.19946323850789,71,17,0.1308186508298218,NORMAL
2026-09-07T11:34:55.201602,85888,24996,15,44.75499782135248,73.12260456497908,60,28,0.8795292845496053,ANOMALY
2026-09-07T11:34:56.202844,85982,25011,10,4.697309374580987,23.73402205986595,94,15,0.018613484355195452,NORMAL
2026-09-07T11:34:57.203749,86019,25022,15,5.487337828440319,28.45600514031046,37,11,0.24721632368770366,NORMAL
2026-09-07T11:34:58.204437,86080,25037,29,5.2223658247165226,10.916718658995737,61,15,0.25263493281624855,NORMAL
2026-09-07 11:34:58.222908,50.0,50.0,0.0,0.0,3950.0,18.4275,34.9795,0.0,0.0,0.0,0.0,1,0.0,NORMAL
2026-09-07T11:34:59.205128,86151,25065,41,1.0682233628195328,25.338378452707122,71,28,0.15510305344899425,NORMAL
2026-09-07T11:35:00.206740,86250,25074,35,4.775805440273558,12.018159434038004,99,9,0.14960625224956597,NORMAL
2026-09-07T11:35:01.207610,86291,25081,36,1.0870069249670702,16.61067265038191,41,7,0.1770759172345822,NORMAL
2026-09-07T11:35:02.209132,86382,25086,37,5.549850365062241,28.802225811968537,91,5,0.290898648898167,NORMAL
2026-09-07T11:35:03.224587,86412,25110,29,3.9923109197353392,10.611943247710649,30,24,0.23790939178900483,NORMAL
2026-09-07 11:35:03.305312,50.0,50.0,0.0,0.0,3950.0,18.4275,34.9795,0.0,0.0,0.0,0.0,1,0.0,NORMAL
2026-09-07T11:35:04.226115,86508,25133,18,4.6674624446291055,9.004686124611922,96,23,0.11965361696593017,NORMAL
2026-09-07T11:35:05.228963,86539,25156,30,6.049414209207149,20.45407134580826,31,23,0.02566371324659954,NORMAL
2026-09-07T11:35:06.236597,86589,25165,5,4.663553415928309,26.558483103023168,50,9,0.22182982861610842,NORMAL
2026-09-07T11:35:07.242739,86618,25186,7,7.227946165966857,21.302090107161156,29,21,0.10539464454471874,NORMAL
2026-09-07T11:35:08.249474,86656,25214,15,2.8871258458041567,18.075791780199687,38,28,0.2987664403295623,NORMAL
2026-09-07 11:35:08.378126,50.0,50.0,0.0,0.0,3950.0,18.4275,34.9795,0.0,0.0,0.0,0.0,1,0.0,NORMAL
2026-09-07T11:35:09.250478,86716,25221,30,7.520640476294562,28.85364665045813,60,7,0.24302439180987456,NORMAL
2026-09-07T11:35:10.252004,86796,25242,47,1.2241472183734647,20.338517219320728,80,21,0.22956561264236286,NORMAL
2026-09-07T11:35:11.253603,86885,25252,41,7.028038038809933,15.488065519155892,89,10,0.12103345453201234,NORMAL
2026-09-07T11:35:12.254594,86944,25274,13,3.4398264530346445,11.472434108519131,59,22,0.12575003889302813,NORMAL
2026-09-07T11:35:13.255922,87035,25285,38,2.681310930552668,11.32463029225799,91,11,0.057016073808451334,NORMAL
2026-09-07 11:35:13.460171,50.0,50.0,0.0,0.0,3950.0,18.4275,34.9795,0.0,0.0,0.0,0.0,1,0.0,NORMAL
2026-09-07T11:35:14.256817,87062,25306,105,11.134950615323184,92.88893785061623,27,21,0.8627497850150245,ANOMALY
2026-09-07T11:35:15.258067,87114,25328,23,7.054172225580595,6.953148041233704,52,22,0.2764896373675743,NORMAL
2026-09-07T11:35:16.259955,87200,25334,32,1.2293640679340367,19.93934236501527,86,6,0.05472531781274099,NORMAL
2026-09-07T11:35:17.261461,87251,25341,29,6.129753885812649,16.40131702005644,51,7,0.054655150667642004,NORMAL
2026-09-07T11:35:18.262323,87273,25367,43,7.186915978485557,13.06946948539388,22,26,0.2895399791656901,NORMAL
2026-09-07 11:35:18.541463,50.0,50.0,0.0,0.0,3950.0,18.4275,34.9795,0.0,0.0,0.0,0.0,1,0.0,NORMAL
2026-09-07T11:35:19.263372,87299,25387,15,3.20539426147723,16.53076821153668,26,20,0.08225510739878376,NORMAL
2026-09-07T11:35:20.264906,87320,25392,37,3.881369928345542,27.808126471716456,21,5,0.04121937245029106,NORMAL
2026-09-07T11:35:21.265870,87347,25405,8,1.6271913907445588,10.829467472561383,27,13,0.12363880310377837,NORMAL
2026-09-07T11:35:22.269041,87385,25428,39,7.303427793746995,22.3482203195314,38,23,0.29331189729820156,NORMAL
2026-09-07T11:35:23.275745,87412,25440,39,3.261079544818317,19.44001033728498,27,12,0.11876225619493881,NORMAL
2026-09-07 11:35:23.607470,50.0,50.0,0.0,0.0,3950.0,18.4275,34.9795,0.0,0.0,0.0,0.0,1,0.0,NORMAL
2026-09-07T11:35:24.278037,87478,25459,7,5.222376354571136,28.09127868946272,66,19,0.03719207926239889,NORMAL
2026-09-07T11:35:25.283565,87515,25486,6,4.253050289556047,8.11104739538434,37,27,0.28874627733188274,NORMAL
2026-09-07T11:35:26.284995,87582,25508,10,1.7383949713267166,5.500888140390626,67,22,0.1776533822901192,NORMAL
2026-09-07T11:35:27.286142,87658,25518,49,4.117103168685178,25.055174382861914,76,10,0.11661725258623584,NORMAL
2026-09-07T11:35:28.287317,87682,25527,36,3.6433828720433015,12.004680415282058,24,9,0.04275796473143893,NORMAL
2026-09-07 11:35:28.704427,50.0,50.0,0.0,0.0,3950.0,18.4275,34.9795,0.0,0.0,0.0,0.0,1,0.0,NORMAL
2026-09-07T11:35:29.288052,87706,25536,11,5.99336331459324,10.37838292407867,24,9,0.21480883358738687,NORMAL
2026-09-07T11:35:30.289252,87793,25553,35,6.822625701916476,24.002629991680184,87,17,0.22741810125574044,NORMAL
2026-09-07T11:35:31.290364,87817,25580,152,25.724982439224767,47.71320072515708,24,27,0.8912695060706748,ANOMALY
2026-09-07T11:35:32.296831,87906,25585,45,7.508397563965826,18.184896652579475,89,5,0.058142109464408474,NORMAL
2026-09-07T11:35:33.298653,87960,25597,36,6.297983487640301,29.082932961755024,54,12,0.23501612836209412,NORMAL
2026-09-07 11:35:33.770672,50.0,50.0,0.0,0.0,3950.0,18.4275,34.9795,0.0,0.0,0.0,0.0,1,0.0,NORMAL
2026-09-07T11:35:34.302567,88013,25606,205,13.179424986594547,41.29048674004784,53,9,0.8422593513918992,ANOMALY
2026-09-07T11:35:35.309462,88089,25623,9,4.264096585609758,25.984583027693716,76,17,0.15808008003114155,NORMAL
2026-09-07T11:35:36.312037,88147,25635,37,4.342705410878375,5.677586173717107,58,12,0.2943772850788738,NORMAL
2026-09-07T11:35:37.313077,88240,25642,45,2.2295288508873474,5.286000860134014,93,7,0.04923286413370774,NORMAL
2026-09-07T11:35:38.313905,88275,25662,8,2.1594899630614326,25.13681193790547,35,20,0.16911088867165086,NORMAL
2026-09-07 11:35:38.864400,50.0,50.0,0.0,0.0,3950.0,18.4275,34.9795,0.0,0.0,0.0,0.0,1,0.0,NORMAL
2026-09-07T11:35:39.314721,88354,25688,40,7.643240375823048,15.233463733924808,79,26,0.011567723181056477,NORMAL
2026-09-07T11:35:40.315916,88398,25704,38,1.5528710363134604,14.216091489420918,44,16,0.08565163699492863,NORMAL
2026-09-07T11:35:41.316848,88497,25710,5,5.485277579849518,20.55437486497604,99,6,0.24149113244526363,NORMAL
2026-09-07T11:35:42.326768,88529,25734,11,3.0592539164886268,25.13072578714183,32,24,0.090232408786825,NORMAL
2026-09-07T11:35:43.360148,88602,25740,184,8.006689898454896,46.4963177158133,73,6,0.8813248919125465,ANOMALY
2026-09-07 11:35:43.920058,50.0,50.0,0.0,0.0,3950.0,18.4275,34.9795,0.0,0.0,0.0,0.0,1,0.0,NORMAL
2026-09-07T11:35:44.375695,88672,25763,129,29.266931506154176,117.34199140476116,70,23,0.8458817245664105,ANOMALY
2026-09-07T11:35:45.377647,88763,25774,33,6.115394910251186,10.770273442830609,91,11,0.23391525097799856,NORMAL
2026-09-07T11:35:46.381523,88849,25788,47,7.46731744346859,10.62182712386965,86,14,0.28625339819599166,NORMAL
2026-09-07T11:35:47.387168,88947,25798,7,6.300057221023608,10.321317724111477,98,10,0.08198992153705138,NORMAL
2026-09-07T11:35:48.393506,88989,25803,33,5.003373963531658,27.921807573846635,42,5,0.009066400829953535,NORMAL
2026-09-07 11:35:48.996829,50.0,50.0,0.0,0.0,3950.0,18.4275,34.9795,0.0,0.0,0.0,0.0,1,0.0,NORMAL
2026-09-07T11:35:49.394203,89053,25828,50,4.779412221636507,11.079731297592284,64,25,0.17364761778315138,NORMAL
2026-09-07T11:35:50.395119,89078,25834,50,1.6974068882140125,18.81405019843732,25,6,0.2887639637954822,NORMAL
2026-09-07T11:35:51.396305,89114,25844,37,2.7950933659449886,19.00464075826632,36,10,0.14615153098002773,NORMAL
2026-09-07T11:35:52.397287,89188,25871,35,7.670606621941032,12.691181358085208,74,27,0.2262990229838674,NORMAL
2026-09-07T11:35:53.399126,89277,25887,14,3.067001468701139,13.532862252184081,89,16,0.18614898015321693,NORMAL
2026-09-07 11:35:54.069528,50.0,50.0,0.0,0.0,3950.0,18.4275,34.9795,0.0,0.0,0.0,0.0,1,0.0,NORMAL
2026-09-07T11:35:54.400025,89352,25896,27,3.75618217901623,11.572002637456636,75,9,0.2804458559626065,NORMAL
2026-09-07T11:35:55.401935,89422,25912,17,2.1201242401882,9.454281212251399,70,16,0.11950174599538886,NORMAL
2026-09-07T11:35:56.402732,89508,25918,21,7.469363201502213,8.727616240873536,86,6,0.0429687060487263,NORMAL
2026-09-07T11:35:57.406442,89585,25926,28,2.8113553395588635,13.304009286903899,77,8,0.17941184715190972,NORMAL
2026-09-07T11:35:58.408242,89646,25940,49,1.927140717403895,10.41109702443322,61,14,0.0667043668637789,NORMAL
2026-09-07 11:35:59.136943,50.0,50.0,0.0,0.0,3950.0,18.4275,34.9795,0.0,0.0,0.0,0.0,1,0.0,NORMAL
2026-09-07T11:35:59.410960,89684,25970,28,4.5893067888628565,16.00211959997624,38,30,0.1216506646651932,NORMAL
2026-09-07T11:36:00.412356,89705,25996,35,1.4161285204435008,23.92666846776955,21,26,0.23128490657560485,NORMAL
2026-09-07T11:36:01.416134,89760,26025,52,10.960156219762336,97.38836429739162,55,29,0.953778933978833,ANOMALY
2026-09-07T11:36:02.417661,89818,26038,35,1.973665962340237,19.585689218911444,58,13,0.11631564825275005,NORMAL
2026-09-07T11:36:03.424867,89877,26055,7,1.0501654672726322,5.347777337544605,59,17,0.29766561384424456,NORMAL
2026-09-07 11:36:04.220732,50.0,50.0,0.0,0.0,3950.0,18.4275,34.9795,0.0,0.0,0.0,0.0,1,0.0,NORMAL
2026-09-07T11:36:04.429446,89897,26074,9,4.782525851399537,15.361564428463513,20,19,0.06338739859862816,NORMAL
2026-09-07T11:36:05.431749,89960,26094,27,1.749488060452563,21.025801668118294,63,20,0.12156938062579507,NORMAL
2026-09-07T11:36:06.433486,90013,26104,41,3.5814905344369965,23.853583270996292,53,10,0.22453675739785778,NORMAL
2026-09-07T11:36:07.434481,90036,26112,45,4.402019141983454,12.070091777597902,23,8,0.13724624436083369,NORMAL
2026-09-07T11:36:08.436415,90135,26129,36,4.374177971706685,27.91352329950359,99,17,0.11810480217119561,NORMAL
2026-09-07 11:36:09.309126,50.0,50.0,0.0,0.0,3950.0,18.4275,34.9795,0.0,0.0,0.0,0.0,1,0.0,NORMAL
2026-09-07T11:36:09.438601,90185,26152,20,7.693600393119077,14.424215873671434,50,23,0.06820075730268933,NORMAL
2026-09-07T11:36:10.440753,90242,26182,5,6.505353253580131,6.988151497908874,57,30,0.16253503047345613,NORMAL
2026-09-07T11:36:11.442547,90323,26188,15,1.0608064070490326,8.842124001113369,81,6,0.009579982323478163,NORMAL
2026-09-07T11:36:12.444185,90368,26209,39,2.4790897338256395,19.558372741098665,45,21,0.01761280265703018,NORMAL
2026-09-07T11:36:13.446816,90431,26214,26,7.282078660882628,5.886966883373111,63,5,0.11850252121950916,NORMAL
2026-09-07 11:36:14.378703,50.0,50.0,0.0,0.0,3950.0,18.4275,34.9795,0.0,0.0,0.0,0.0,1,0.0,NORMAL
2026-09-07T11:36:14.454058,90503,26223,33,4.586552393518319,18.951731364827864,72,9,0.024501685276354,NORMAL
2026-09-07T11:36:15.454928,90577,26232,14,3.300181710454403,9.175652053026024,74,9,0.12388702483798762,NORMAL
2026-09-07T11:36:16.456723,90622,26239,38,3.681925764684495,26.378159284255467,45,7,0.17860637429077617,NORMAL
2026-09-07T11:36:17.458214,90697,26251,47,5.84771527849042,19.024266106302342,75,12,0.10801103395508191,NORMAL
2026-09-07T11:36:18.459851,90728,26279,12,4.308802176644084,12.577487420026173,31,28,0.0593075237813549,NORMAL
2026-09-07T11:36:19.461533,90775,26284,172,11.106930773747168,71.2288692611381,47,5,0.9218141355088998,ANOMALY
2026-09-07 11:36:19.435957,50.0,50.0,0.0,0.0,3950.0,18.4275,34.9795,0.0,0.0,0.0,0.0,1,0.0,NORMAL
2026-09-07T11:36:20.462644,90845,26305,43,4.722973791952963,16.64302619436279,70,21,0.05480840541096471,NORMAL
2026-09-07T11:36:21.463900,90875,26327,29,2.9602966312883785,12.238856508425933,30,22,0.04642129952692598,NORMAL
2026-09-07T11:36:22.464931,90895,26338,35,2.177791971178022,15.65770704527427,20,11,0.2679115862370695,NORMAL
2026-09-07T11:36:23.466384,90932,26354,15,3.787534666188371,6.547147335201663,37,16,0.04017604245883296,NORMAL
2026-09-07T11:36:24.468083,91032,26365,21,1.6307555187865026,29.403401311353555,100,11,0.18030645538811507,NORMAL
2026-09-07 11:36:24.513271,50.0,50.0,0.0,0.0,3950.0,18.4275,34.9795,0.0,0.0,0.0,0.0,1,0.0,NORMAL
2026-09-07T11:36:25.469371,91119,26383,38,3.691107758808501,20.222099579376724,87,18,0.023719593027400697,NORMAL
2026-09-07T11:36:26.470814,91170,26404,45,4.8632231441478915,26.393384727374084,51,21,0.039715638462055114,NORMAL
2026-09-07T11:36:27.472887,91259,26427,46,1.0607724675681924,6.7787619846169775,89,23,0.20946363477539923,NORMAL
2026-09-07T11:36:28.473863,91296,26451,172,28.28848425797369,53.39035763595872,37,24,0.9633997265768549,ANOMALY
2026-09-07T11:36:29.474944,91374,26472,35,3.3899656430678533,16.461128338913703,78,21,0.04726919259414185,NORMAL
2026-09-07 11:36:29.611564,50.0,50.0,0.0,0.0,3950.0,18.4275,34.9795,0.0,0.0,0.0,0.0,1,0.0,NORMAL
2026-09-07T11:36:30.475732,91425,26498,66,23.39670305661182,58.545204812748,51,26,0.8399050647778143,ANOMALY
2026-09-07T11:36:31.476356,91503,26505,258,28.428825188825346,81.66714302764088,78,7,0.9054678196567835,ANOMALY
2026-09-07T11:36:32.477258,91566,26522,16,5.220069216064585,12.186607235890293,63,17,0.17724505021215467,NORMAL
2026-09-07T11:36:33.477960,91643,26540,35,7.618411046775185,23.974237641238958,77,18,0.1019052101884208,NORMAL
2026-09-07T11:36:34.478939,91721,26561,32,7.488060232920496,23.792890089077385,78,21,0.29273763449088536,NORMAL
2026-09-07 11:36:34.680585,50.0,50.0,0.0,0.0,3950.0,18.4275,34.9795,0.0,0.0,0.0,0.0,1,0.0,NORMAL
2026-09-07T11:36:35.479978,91806,26569,43,7.612440026341032,12.564873833352074,85,8,0.014235152922010552,NORMAL
2026-09-07T11:36:36.481036,91906,26582,145,27.649770701253022,99.71105405943275,100,13,0.9420119760280683,ANOMALY
2026-09-07T11:36:37.482166,91937,26611,6,2.385091622102318,11.400865047367091,31,29,0.26735937438821955,NORMAL
2026-09-07T11:36:38.483298,92004,26637,8,7.398310850383813,9.925111220095033,67,26,0.2615906837275685,NORMAL
2026-09-07T11:36:39.485259,92042,26666,20,5.426198243673096,29.585258338824115,38,29,0.2621106419016543,NORMAL
2026-09-07 11:36:39.734190,50.0,50.0,0.0,0.0,3950.0,18.4275,34.9795,0.0,0.0,0.0,0.0,1,0.0,NORMAL
2026-09-07T11:36:40.487588,92108,26672,42,4.4263313387339505,20.836557918552998,66,6,0.092556103216388,NORMAL
2026-09-07T11:36:41.489819,92157,26694,31,1.9058243302655975,10.164255526685485,49,22,0.2236725496040116,NORMAL
2026-09-07T11:36:42.492472,92199,26710,34,1.2948353784577016,19.500224608691575,42,16,0.15946649836232074,NORMAL
2026-09-07T11:36:43.494212,92241,26731,46,3.9661425784261186,8.215276452433077,42,21,0.12077249093260237,NORMAL
2026-09-07T11:36:44.501144,92307,26760,46,1.5135432039960204,29.219054155932234,66,29,0.2125070397081363,NORMAL
2026-09-07 11:36:44.823525,50.0,50.0,0.0,0.0,3950.0,18.4275,34.9795,0.0,0.0,0.0,0.0,1,0.0,NORMAL
2026-09-07T11:36:45.511164,92382,26781,24,6.945774442004479,15.976030101684325,75,21,0.025887787042066145,NORMAL
2026-09-07T11:36:46.512355,92431,26804,276,8.50770779984192,70.80805076079608,49,23,0.8274263327965039,ANOMALY
2026-09-07T11:36:47.514647,92487,26826,9,1.1489115202559481,11.572040248963972,56,22,0.05575622128725042,NORMAL
2026-09-07T11:36:48.515950,92585,26832,43,1.988995861030744,10.541296018743171,98,6,0.2020228789911683,NORMAL
2026-09-07T11:36:49.516796,92605,26851,41,5.345664701704805,20.65449666592739,20,19,0.27657739397261033,NORMAL
2026-09-07 11:36:49.894345,50.0,50.0,0.0,0.0,3950.0,18.4275,34.9795,0.0,0.0,0.0,0.0,1,0.0,NORMAL
2026-09-07T11:36:50.520184,92699,26869,40,5.811007393838704,11.246750169682063,94,18,0.0927870757077366,NORMAL
2026-09-07T11:36:51.521754,92733,26880,21,3.3452137886473405,24.613460473514035,34,11,0.04617266723824728,NORMAL
2026-09-07T11:36:52.524058,92820,26892,37,7.692111003050952,29.83996558513818,87,12,0.031087912109835945,NORMAL
2026-09-07T11:36:53.526440,92873,26905,20,5.908561237802315,29.535838795257785,53,13,0.09085547324669944,NORMAL
2026-09-07T11:36:54.528034,92917,26932,54,20.105059366787142,66.2777111093414,44,27,0.8786018819131423,ANOMALY
2026-09-07 11:36:54.994810,50.0,50.0,0.0,0.0,3950.0,18.4275,34.9795,0.0,0.0,0.0,0.0,1,0.0,NORMAL
2026-09-07T11:36:55.529046,92950,26953,15,5.608615998181784,15.418981845155756,33,21,0.1830015003553286,NORMAL
2026-09-07T11:36:56.534549,92993,26970,14,4.5192481100049156,23.308165068618766,43,17,0.04154249405299328,NORMAL
2026-09-07T11:36:57.536123,93092,26985,49,6.907685189710355,28.453487853547532,99,15,0.23042497162188919,NORMAL
2026-09-07T11:36:58.536942,93188,27009,42,7.960618601268179,9.6020372006978,96,24,0.23389325190466698,NORMAL
2026-09-07T11:36:59.544711,93221,27029,20,6.011839627312256,19.74460278531199,33,20,0.08465886334062188,NORMAL
2026-09-07 11:37:00.041881,50.0,50.0,0.0,0.0,3950.0,18.4275,34.9795,0.0,0.0,0.0,0.0,1,0.0,NORMAL
2026-09-07T11:37:00.545630,93268,27039,32,2.1495480771451683,26.07580863171905,47,10,0.21939020321428634,NORMAL
2026-09-07T11:37:01.546472,93298,27062,7,4.595388877208023,16.132676624612486,30,23,0.03687169844940552,NORMAL
2026-09-07T11:37:02.548007,93384,27082,11,4.452307189312878,21.44583867812522,86,20,0.038153931301619703,NORMAL
2026-09-07T11:37:03.548731,93476,27109,42,4.8167556664299465,8.91014534678034,92,27,0.037566485674569196,NORMAL
2026-09-07T11:37:04.549536,93518,27126,9,2.292334221750351,13.615452250863134,42,17,0.03988789443115113,NORMAL
2026-09-07 11:37:05.115867,50.0,50.0,0.0,0.0,3950.0,18.4275,34.9795,0.0,0.0,0.0,0.0,1,0.0,NORMAL
2026-09-07T11:37:05.550231,93595,27136,49,5.396359239021271,12.741811793727097,77,10,0.00017566769850946296,NORMAL
2026-09-07T11:37:06.550950,93644,27165,35,7.357503674142209,13.898194227851722,49,29,0.09708141393327373,NORMAL
2026-09-07T11:37:07.551600,93706,27180,30,3.1578117392776996,29.24868255776857,62,15,0.171729791348488,NORMAL
2026-09-07T11:37:08.552395,93790,27198,31,7.428453410130587,7.745197527359378,84,18,0.2623656713522802,NORMAL
2026-09-07T11:37:09.553463,93841,27227,23,3.5103194544606042,5.051646211922785,51,29,0.034367880225851695,NORMAL
2026-09-07 11:37:10.158718,50.0,50.0,0.0,0.0,3950.0,18.4275,34.9795,0.0,0.0,0.0,0.0,1,0.0,NORMAL
2026-09-07T11:37:10.554308,93924,27233,105,40.56943384809848,53.17039644691533,83,6,0.8895786988252813,ANOMALY
2026-09-07T11:37:11.555274,94024,27256,27,7.502991468900998,19.307945270518903,100,23,0.1830046559406625,NORMAL
2026-09-07T11:37:12.556436,94052,27285,37,3.739942911918947,28.99768543707428,28,29,0.16609114488913398,NORMAL
2026-09-07T11:37:13.557532,94094,27306,28,4.586057501092908,5.231358067356363,42,21,0.06363083182879727,NORMAL
2026-09-07T11:37:14.559171,94186,27321,40,2.507934480946554,20.64051787111833,92,15,0.2550919916478352,NORMAL
2026-09-07 11:37:15.228709,50.0,50.0,0.0,0.0,3950.0,18.4275,34.9795,0.0,0.0,0.0,0.0,1,0.0,NORMAL
2026-09-07T11:37:15.562189,94225,27331,40,2.1986831597035588,5.979052324599408,39,10,0.2299319635628659,NORMAL
2026-09-07T11:37:16.563419,94287,27350,6,7.546583992625125,24.92183118003807,62,19,0.1875030330004881,NORMAL
2026-09-07T11:37:17.565125,94340,27371,45,6.7633951010354565,25.856978591881532,53,21,0.24950213796849183,NORMAL
2026-09-07T11:37:18.566367,94410,27393,12,2.5861449266173433,20.466770527466558,70,22,0.035006681056608854,NORMAL
2026-09-07T11:37:19.569364,94487,27417,42,7.88498201147478,12.064140563197856,77,24,0.2628688721467099,NORMAL
2026-09-07 11:37:20.324873,50.0,50.0,0.0,0.0,3950.0,18.4275,34.9795,0.0,0.0,0.0,0.0,1,0.0,NORMAL
2026-09-07T11:37:20.571071,94555,27446,81,25.231794442896224,110.24853998476829,68,29,0.8626428566497665,ANOMALY
2026-09-07T11:37:21.572411,94652,27455,31,6.085565036006466,16.031085595171888,97,9,0.2818621820695863,NORMAL
2026-09-07T11:37:22.574090,94700,27481,40,4.94288093837519,10.600115311766075,48,26,0.006633371708837932,NORMAL
2026-09-07T11:37:23.575938,94773,27498,28,3.7685454125811315,25.574708839113885,73,17,0.2209477090298837,NORMAL
2026-09-07T11:37:24.577913,94824,27523,19,4.496268818740167,12.512097443280457,51,25,0.03426148952392842,NORMAL
2026-09-07 11:37:25.384833,50.0,50.0,0.0,0.0,3950.0,18.4275,34.9795,0.0,0.0,0.0,0.0,1,0.0,NORMAL
2026-09-07T11:37:25.579886,94899,27529,23,5.6614883269289304,13.57596166404601,75,6,0.27559820329080076,NORMAL
2026-09-07T11:37:26.581793,94999,27551,35,7.499933722073708,26.84850716559181,100,22,0.20985661990191334,NORMAL
2026-09-07T11:37:27.583415,95071,27559,14,2.6585783091212445,15.467117890495919,72,8,0.21893921198350694,NORMAL
2026-09-07T11:37:28.585633,95108,27568,42,2.6003428899651664,6.135152484955073,37,9,0.013714019527320043,NORMAL
2026-09-07T11:37:29.586256,95189,27576,33,5.0506348267509855,29.916972024217742,81,8,0.1304253779724836,NORMAL
2026-09-07T11:37:30.587190,95275,27601,43,6.798272112357068,7.419558197841587,86,25,0.16162980421972864,NORMAL
2026-09-07 11:37:30.458677,50.0,50.0,0.0,0.0,3950.0,18.4275,34.9795,0.0,0.0,0.0,0.0,1,0.0,NORMAL
2026-09-07T11:37:31.588231,95334,27611,43,1.2683105967367412,20.684424084576733,59,10,0.2729766537953365,NORMAL
2026-09-07T11:37:32.589778,95397,27633,36,3.8850508463581073,16.817020242767462,63,22,0.23597521824878462,NORMAL
2026-09-07T11:37:33.590925,95432,27638,37,7.892329693420364,9.999807006924206,35,5,0.05307911003536346,NORMAL
2026-09-07T11:37:34.592204,95502,27665,8,7.703495278145132,6.328836088239996,70,27,0.14053255481504257,NORMAL
2026-09-07T11:37:35.593225,95600,27676,27,6.381030713247891,12.619315862740457,98,11,0.2824753523142697,NORMAL
2026-09-07 11:37:35.606958,50.0,50.0,0.0,0.0,3950.0,18.4275,34.9795,0.0,0.0,0.0,0.0,1,0.0,NORMAL
2026-09-07T11:37:36.593905,95644,27681,145,13.956454710407,108.77520021510402,44,5,0.9929989326814803,ANOMALY
2026-09-07T11:37:37.595690,95714,27703,50,3.347827744624684,18.320607395823323,70,22,0.244568591604143,NORMAL
2026-09-07T11:37:38.597021,95746,27711,44,1.3799338726782797,15.348158570738805,32,8,0.11228882238143673,NORMAL
2026-09-07T11:37:39.598419,95819,27733,95,44.24638870092604,108.8073516690674,73,22,0.9405501782205336,ANOMALY
2026-09-07T11:37:40.600159,95864,27740,48,2.489533116890433,6.322574827635526,45,7,0.13401272409877926,NORMAL
2026-09-07 11:37:40.681974,50.0,50.0,0.0,0.0,3950.0,18.4275,34.9795,0.0,0.0,0.0,0.0,1,0.0,NORMAL
2026-09-07T11:37:41.601176,95902,27754,30,6.920738184056987,27.377864239695267,38,14,0.250481163398817,NORMAL
2026-09-07T11:37:42.602726,95957,27778,49,2.7707173900040654,7.508384342392567,55,24,0.02519676262053062,NORMAL
2026-09-07T11:37:43.605898,96011,27802,12,1.8493513958687822,20.33730876463528,54,24,0.2354248642077123,NORMAL
2026-09-07T11:37:44.614375,96108,27810,42,5.771156195871324,15.214009356627187,97,8,0.27901570304145124,NORMAL
2026-09-07T11:37:45.622710,96154,27840,12,4.608189558506807,28.274735001896943,46,30,0.24688581952165572,NORMAL
2026-09-07 11:37:45.767430,50.0,50.0,0.0,0.0,3950.0,18.4275,34.9795,0.0,0.0,0.0,0.0,1,0.0,NORMAL
2026-09-07T11:37:46.624028,96230,27856,76,46.45740318315525,104.65100981802479,76,16,0.8288173858881221,ANOMALY
2026-09-07T11:37:47.626158,96267,27878,27,7.078315551081566,27.23219592459368,37,22,0.11445922124315763,NORMAL
2026-09-07T11:37:48.627403,96348,27883,29,5.746943397339047,9.04874031501335,81,5,0.19014966950349807,NORMAL
2026-09-07T11:37:49.629145,96381,27910,13,4.9950885946272665,29.78794280198768,33,27,0.04792847781477921,NORMAL
2026-09-07T11:37:50.630877,96411,27915,78,8.621285838184567,36.8406581333065,30,5,0.8152879696701204,ANOMALY
2026-09-07 11:37:50.882394,50.0,50.0,0.0,0.0,3950.0,18.4275,34.9795,0.0,0.0,0.0,0.0,1,0.0,NORMAL
2026-09-07T11:37:51.639879,96453,27927,28,1.051202168652304,9.472781867615936,42,12,0.21880702733963198,NORMAL
2026-09-07T11:37:52.646011,96486,27944,111,18.535124255224027,59.212006376053466,33,17,0.8246924989676876,ANOMALY
2026-09-07T11:37:53.648808,96583,27961,18,1.9705548707498597,22.765120748004897,97,17,0.1922839049592551,NORMAL
2026-09-07T11:37:54.655887,96622,27973,16,5.168113187487943,19.51666536494161,39,12,0.1702391716156419,NORMAL
2026-09-07T11:37:55.657397,96678,27981,168,6.292865464843353,96.72335970735371,56,8,0.9406412039979629,ANOMALY
2026-09-07 11:37:55.981661,50.0,50.0,0.0,0.0,3950.0,18.4275,34.9795,0.0,0.0,0.0,0.0,1,0.0,NORMAL
2026-09-07T11:37:56.659700,96767,27991,150,22.129271564684053,144.29062761580394,89,10,0.8476095562453332,ANOMALY
2026-09-07T11:37:57.665656,96805,28017,34,2.852729647538504,11.672708349774625,38,26,0.1925259126132633,NORMAL
2026-09-07T11:37:58.667509,96849,28046,6,2.9986924873926397,18.927163860709307,44,29,0.20612103886891944,NORMAL
2026-09-07T11:37:59.672799,96876,28075,24,3.126872391138182,15.103297379451329,27,29,0.04269713310447898,NORMAL
2026-09-07T11:38:00.674091,96939,28082,40,5.524647771997962,14.072476787141193,63,7,0.22085057933701727,NORMAL
2026-09-07 11:38:01.069428,50.0,50.0,0.0,0.0,3950.0,18.4275,34.9795,0.0,0.0,0.0,0.0,1,0.0,NORMAL
2026-09-07T11:38:01.679794,96963,28110,114,18.954814197755685,90.25719835824935,24,28,0.9715789042304022,ANOMALY
2026-09-07T11:38:02.681254,96986,28138,16,2.3665187160418646,23.17895329096308,23,28,0.25670114670458277,NORMAL
2026-09-07T11:38:03.682646,97060,28168,13,4.130405705290747,17.84488342572439,74,30,0.28779992158000745,NORMAL
2026-09-07T11:38:04.684043,97088,28195,42,2.3219310308661925,25.798754420642073,28,27,0.027078230891855005,NORMAL
2026-09-07T11:38:05.690684,97115,28223,48,2.4191985203785573,24.668139814847063,27,28,0.1856817521687721,NORMAL
2026-09-07 11:38:06.180297,50.0,50.0,0.0,0.0,3950.0,18.4275,34.9795,0.0,0.0,0.0,0.0,1,0.0,NORMAL
2026-09-07T11:38:06.692236,97171,28243,12,1.0933518502024708,5.146496167243315,56,20,0.17719554032477255,NORMAL
2026-09-07T11:38:07.694505,97213,28273,32,3.444441797243614,13.188110874754276,42,30,0.0506761365390791,NORMAL
2026-09-07T11:38:08.696150,97259,28287,34,2.686501793459459,20.163769652607478,46,14,0.1487719907067733,NORMAL
2026-09-07T11:38:09.697724,97295,28299,5,1.611030089369516,16.194665168995456,36,12,0.08152418391087127,NORMAL
2026-09-07T11:38:10.699702,97372,28304,15,5.190355228853697,5.353203124997744,77,5,0.17541270474083145,NORMAL
2026-09-07 11:38:11.255906,50.0,50.0,0.0,0.0,3950.0,18.4275,34.9795,0.0,0.0,0.0,0.0,1,0.0,NORMAL
2026-09-07T11:38:11.701858,97392,28320,26,2.2759293371101146,6.404755683804302,20,16,0.19286031342250867,NORMAL
2026-09-07T11:38:12.703339,97421,28337,7,3.9982319827903043,26.476247634213568,29,17,0.08371965234735856,NORMAL
2026-09-07T11:38:13.704990,97495,28363,6,1.4779073696562919,15.996000148385168,74,26,0.036107294484672446,NORMAL
2026-09-07T11:38:14.711931,97568,28375,23,7.329612434267464,22.05847226709535,73,12,0.13895543666659446,NORMAL
2026-09-07T11:38:15.715704,97623,28401,46,6.833822995379039,22.40577707992285,55,26,0.04466452869006713,NORMAL
2026-09-07 11:38:16.339936,50.0,50.0,0.0,0.0,3950.0,18.4275,34.9795,0.0,0.0,0.0,0.0,1,0.0,NORMAL
2026-09-07T11:38:16.723474,97669,28416,5,5.795645047333522,24.446467441890515,46,15,0.06671427185171808,NORMAL
2026-09-07T11:38:17.727727,97733,28428,34,6.175918142959372,23.45547767077559,64,12,0.17679055987536016,NORMAL
2026-09-07T11:38:18.729228,97791,28452,28,5.289041132143729,12.212121038482493,58,24,0.07517301388479708,NORMAL
2026-09-07T11:38:19.730208,97859,28465,7,6.620844900171335,21.676174313638466,68,13,0.17511197486785401,NORMAL
2026-09-07T11:38:20.731043,97902,28488,48,3.244137841317488,6.614677144813195,43,23,0.16184508343843337,NORMAL
2026-09-07 11:38:21.455560,50.0,50.0,0.0,0.0,3950.0,18.4275,34.9795,0.0,0.0,0.0,0.0,1,0.0,NORMAL
2026-09-07T11:38:21.732706,97944,28502,138,18.8887975655032,33.1615822404548,42,14,0.9782701496082744,ANOMALY
2026-09-07T11:38:22.734416,98010,28516,41,4.3791219629732705,8.192014615085364,66,14,0.14279230049889632,NORMAL
2026-09-07T11:38:23.735573,98034,28523,42,1.3591875474913215,24.467934855030105,24,7,0.10904219674885907,NORMAL
2026-09-07T11:38:24.737026,98088,28536,42,7.165272682458263,11.866746027663687,54,13,0.25100175571123357,NORMAL
2026-09-07T11:38:25.740291,98118,28543,32,5.185799684468494,9.655201592046172,30,7,0.18215954920725505,NORMAL
2026-09-07 11:38:26.497561,50.0,50.0,0.0,0.0,3950.0,18.4275,34.9795,0.0,0.0,0.0,0.0,1,0.0,NORMAL
2026-09-07T11:38:26.742622,98177,28569,43,4.9124432249963315,22.914841986118212,59,26,0.2609349329826192,NORMAL
2026-09-07T11:38:27.743318,98198,28583,41,2.85431112566996,8.490298511989042,21,14,0.2712916908347311,NORMAL
2026-09-07T11:38:28.744451,98227,28605,47,1.865759798496455,23.788252046150884,29,22,0.145746739256544,NORMAL
2026-09-07T11:38:29.746052,98309,28634,34,3.493634553227561,15.698078016787674,82,29,0.01009133200609784,NORMAL
2026-09-07T11:38:30.747921,98382,28652,150,9.036223584089043,128.1266535129939,73,18,0.9393629318282855,ANOMALY
2026-09-07 11:38:31.562177,50.0,50.0,0.0,0.0,3950.0,18.4275,34.9795,0.0,0.0,0.0,0.0,1,0.0,NORMAL
2026-09-07T11:38:31.749302,98443,28661,44,2.1376283768486286,9.797083309694314,61,9,0.09402227064154646,NORMAL
2026-09-07T11:38:32.751302,98469,28677,22,1.2440444365079395,23.53955074023219,26,16,0.08378131521538114,NORMAL
2026-09-07T11:38:33.758971,98489,28699,41,2.574696303315764,28.440676765191583,20,22,0.026408628509398267,NORMAL
2026-09-07T11:38:34.765457,98535,28716,17,2.2998526051130552,12.18215993577778,46,17,0.0741993769753731,NORMAL
2026-09-07T11:38:35.769664,98631,28724,27,3.981572311711316,13.754494689298745,96,8,0.08698000958825174,NORMAL
2026-09-07 11:38:36.665527,50.0,50.0,0.0,0.0,3950.0,18.4275,34.9795,0.0,0.0,0.0,0.0,1,0.0,NORMAL
2026-09-07T11:38:36.772292,98684,28750,10,5.754348716013954,19.334588285337276,53,26,0.064660046250034,NORMAL
2026-09-07T11:38:37.778657,98760,28765,41,7.7676196242125926,13.382030112211503,76,15,0.20882568171116617,NORMAL
2026-09-07T11:38:38.780524,98852,28771,17,5.212807705720225,22.975143651940787,92,6,0.2340593926895752,NORMAL
2026-09-07T11:38:39.781614,98915,28786,18,7.179101131418906,11.058728739558042,63,15,0.20279154218559445,NORMAL
2026-09-07T11:38:40.783341,98993,28804,13,2.0949282624167744,5.689465472292161,78,18,0.23445428571414262,NORMAL
2026-09-07T11:38:41.785790,99075,28811,41,3.3979194860847417,9.222059110527368,82,7,0.03919409989379138,NORMAL
2026-09-07 11:38:41.731085,50.0,50.0,0.0,0.0,3950.0,18.4275,34.9795,0.0,0.0,0.0,0.0,1,0.0,NORMAL
2026-09-07T11:38:42.788015,99132,28834,45,3.9011814051382654,6.739639607424495,57,23,0.1412062799054943,NORMAL
2026-09-07T11:38:43.790967,99223,28859,27,7.356353763597754,21.483175198760584,91,25,0.057573017768751907,NORMAL
2026-09-07T11:38:44.792658,99302,28878,11,4.275225839631472,11.19248189119206,79,19,0.04317840046779079,NORMAL
2026-09-07T11:38:45.794427,99388,28894,14,5.0488228384373,16.903602046785114,86,16,0.015099143599808872,NORMAL
2026-09-07T11:38:46.796274,99424,28900,49,5.0282263597227175,29.300648895773083,36,6,0.17313359790921443,NORMAL
2026-09-07 11:38:46.799352,50.0,50.0,0.0,0.0,3950.0,18.4275,34.9795,0.0,0.0,0.0,0.0,1,0.0,NORMAL
2026-09-07T11:38:47.798625,99521,28915,10,7.746546480036958,20.086384219188936,97,15,0.09088745832290449,NORMAL
2026-09-07T11:38:48.800302,99543,28938,28,2.2306316020878407,17.502660188187022,22,23,0.0151949807177426,NORMAL
2026-09-07T11:38:49.806920,99582,28950,32,1.8445673727215688,16.27520616273394,39,12,0.021868939639365027,NORMAL
2026-09-07T11:38:50.808704,99647,28959,23,7.408887878675984,6.372893892047084,65,9,0.2770187435298867,NORMAL
2026-09-07T11:38:51.812962,99699,28965,22,3.227985460972576,5.450717062989908,52,6,0.1099707898773454,NORMAL
2026-09-07 11:38:51.868090,50.0,50.0,0.0,0.0,3950.0,18.4275,34.9795,0.0,0.0,0.0,0.0,1,0.0,NORMAL
2026-09-07T11:38:52.820391,99754,28993,23,6.194658402337042,27.886971626036836,55,28,0.1878032375720916,NORMAL
2026-09-07T11:38:53.822152,99829,29020,20,7.2832109852184646,26.76143357770347,75,27,0.08347070883817345,NORMAL
2026-09-07T11:38:54.825883,99892,29039,10,2.6600394175446156,21.179254935118646,63,19,0.1020895183669049,NORMAL
2026-09-07T11:38:55.832884,99953,29054,41,3.5177061133143157,8.02259453753896,61,15,0.10346627728055519,NORMAL
2026-09-07T11:38:56.840131,100036,29083,24,1.2419143502381047,22.168778234454496,83,29,0.23570940130318682,NORMAL
2026-09-07 11:38:56.955935,50.0,50.0,0.0,0.0,3950.0,18.4275,34.9795,0.0,0.0,0.0,0.0,1,0.0,NORMAL
2026-09-07T11:38:57.841924,100126,29095,24,4.44158031870172,9.943757131369527,90,12,0.07367561258119891,NORMAL
2026-09-07T11:38:58.843921,100224,29114,31,2.1394828408848534,7.660916232882302,98,19,0.14442482615315197,NORMAL
2026-09-07T11:38:59.845055,100287,29144,33,7.751514231535757,10.460180007465201,63,30,0.163985240277428,NORMAL
2026-09-07T11:39:00.857883,100352,29156,22,1.748293547228295,9.460526720089355,65,12,0.15383955212148892,NORMAL
2026-09-07T11:39:01.860551,100445,29173,14,3.7059509779416437,19.24901572456806,93,17,0.1437532855598391,NORMAL
2026-09-07 11:39:02.023558,50.0,50.0,0.0,0.0,3950.0,18.4275,34.9795,0.0,0.0,0.0,0.0,1,0.0,NORMAL
2026-09-07T11:39:02.863004,100493,29200,5,7.976768316257716,7.832144105547174,48,27,0.29554525359464895,NORMAL
2026-09-07T11:39:03.864505,100553,29212,16,2.7657356674799383,16.893774950022596,60,12,0.22294112558496734,NORMAL
2026-09-07T11:39:04.868593,100581,29229,18,3.1332516239229253,20.173719501611924,28,17,0.15333350624389644,NORMAL
2026-09-07T11:39:05.874847,100662,29254,168,38.15210665372766,106.01011488917936,81,25,0.8136418282988791,ANOMALY
2026-09-07T11:39:06.876253,100716,29273,45,5.670695644533351,7.345555960464246,54,19,0.2071584465274063,NORMAL
2026-09-07 11:39:07.123916,50.0,50.0,0.0,0.0,3950.0,18.4275,34.9795,0.0,0.0,0.0,0.0,1,0.0,NORMAL
2026-09-07T11:39:07.877615,100769,29279,43,3.8375386408483187,21.641824953742663,53,6,0.005774880947186222,NORMAL
2026-09-07T11:39:08.878309,100814,29308,26,4.820678347195358,22.888460672688527,45,29,0.04500072280506274,NORMAL
2026-09-07T11:39:09.879491,100905,29324,26,1.152590303089183,28.834498344214154,91,16,0.2814647954841822,NORMAL
2026-09-07T11:39:10.881094,100982,29349,21,2.781388750435683,11.223008490792665,77,25,0.1941844313994667,NORMAL
2026-09-07T11:39:11.882239,101053,29364,46,1.0017585437499508,15.274962524968318,71,15,0.11269979203397817,NORMAL
2026-09-07 11:39:12.206977,50.0,50.0,0.0,0.0,3950.0,18.4275,34.9795,0.0,0.0,0.0,0.0,1,0.0,NORMAL
2026-09-07T11:39:12.884028,101127,29393,200,56.42266199278715,100.18427247274981,74,29,0.9044820095204742,ANOMALY
2026-09-07T11:39:13.885297,101156,29420,25,3.5891002093744513,22.806109720443512,29,27,0.1629659361132262,NORMAL
2026-09-07T11:39:14.886410,101242,29427,188,17.982759955946175,111.99777177058169,86,7,0.9503355813062808,ANOMALY
2026-09-07T11:39:15.887396,101329,29433,6,4.934765038199561,15.518476395604132,87,6,0.29190839675599045,NORMAL
2026-09-07T11:39:16.888657,101384,29449,29,5.433495032907956,12.41606062922562,55,16,0.12326241417716212,NORMAL
2026-09-07 11:39:17.259455,50.0,50.0,0.0,0.0,3950.0,18.4275,34.9795,0.0,0.0,0.0,0.0,1,0.0,NORMAL
2026-09-07T11:39:17.889789,101451,29468,46,4.4515972683648775,15.9160616399856,67,19,0.06950466868058004,NORMAL
2026-09-07T11:39:18.890940,101489,29481,5,2.9609774826154833,17.661847741199132,38,13,0.13216816509674054,NORMAL
2026-09-07T11:39:19.892150,101510,29506,47,2.4756945849885814,17.23136178474138,21,25,0.24926368125478604,NORMAL
2026-09-07T11:39:20.893612,101609,29521,17,7.3902055674114004,22.32854907207081,99,15,0.21191135623778842,NORMAL
2026-09-07T11:39:21.894490,101698,29533,21,3.2732250480104605,26.014517094026733,89,12,0.2363713720557546,NORMAL
2026-09-07 11:39:22.297988,50.0,50.0,0.0,0.0,3950.0,18.4275,34.9795,0.0,0.0,0.0,0.0,1,0.0,NORMAL
2026-09-07T11:39:22.895694,101725,29539,25,4.290682588929172,17.235548311168174,27,6,0.2050337364073253,NORMAL
2026-09-07T11:39:23.897512,101764,29566,20,2.344389399923743,14.559676801266145,39,27,0.077090431551002,NORMAL
2026-09-07T11:39:24.902285,101810,29579,21,7.950465785074053,27.89925574895005,46,13,0.26541144701571373,NORMAL
2026-09-07T11:39:25.904817,101888,29594,30,7.699827801463915,27.605341997714955,78,15,0.18179855768926775,NORMAL
2026-09-07T11:39:26.906204,101910,29614,6,5.751375126413974,5.435215800806446,22,20,0.029601608981092098,NORMAL
2026-09-07 11:39:27.373904,50.0,50.0,0.0,0.0,3950.0,18.4275,34.9795,0.0,0.0,0.0,0.0,1,0.0,NORMAL
2026-09-07T11:39:27.907206,101997,29637,258,26.957637174661205,36.65257142515872,87,23,0.8714910982122583,ANOMALY
2026-09-07T11:39:28.908298,102031,29648,32,5.3771679185194,16.68233041196292,34,11,0.15247799122640782,NORMAL
2026-09-07T11:39:29.909797,102118,29658,26,4.102045065058441,12.252196748848686,87,10,0.10717300935968872,NORMAL
2026-09-07T11:39:30.910793,102206,29675,39,28.655903264082905,105.43088775236971,88,17,0.9195164077367355,ANOMALY
2026-09-07T11:39:31.911856,102264,29702,41,6.114181149096896,26.840082036605885,58,27,0.2823815089232664,NORMAL
2026-09-07 11:39:32.446664,50.0,50.0,0.0,0.0,3950.0,18.4275,34.9795,0.0,0.0,0.0,0.0,1,0.0,NORMAL
2026-09-07T11:39:32.913209,102316,29719,15,2.2586283395972213,21.3169422134187,52,17,0.14002916707976312,NORMAL
2026-09-07T11:39:33.914556,102383,29726,69,13.640600290457215,20.51849210998095,67,7,0.823609221413519,ANOMALY
2026-09-07T11:39:34.915692,102421,29745,19,1.6697193816489397,28.08636621805663,38,19,0.26344410997150747,NORMAL
2026-09-07T11:39:35.916870,102507,29768,22,4.645433541768468,21.776931942507765,86,23,0.2778166533155133,NORMAL
2026-09-07T11:39:36.918192,102542,29781,30,7.254568565584511,5.256285741766954,35,13,0.1273937495187286,NORMAL
2026-09-07 11:39:37.501968,50.0,50.0,0.0,0.0,3950.0,18.4275,34.9795,0.0,0.0,0.0,0.0,1,0.0,NORMAL
2026-09-07T11:39:37.919307,102601,29809,11,4.4058281261049075,6.360010359497804,59,28,0.28468600062884086,NORMAL
2026-09-07T11:39:38.920171,102675,29821,18,1.3172283307447858,5.1308064046174895,74,12,0.02104622284049178,NORMAL
2026-09-07T11:39:39.921480,102696,29833,24,1.3196523851457624,22.145679686501257,21,12,0.19280828077281312,NORMAL
2026-09-07T11:39:40.922379,102789,29854,9,3.0873983248754597,8.194447534447509,93,21,0.06565244040734897,NORMAL
2026-09-07T11:39:41.923464,102877,29877,102,17.752490470701183,126.72868360689371,88,23,0.8864906971337562,ANOMALY
2026-09-07 11:39:42.565564,50.0,50.0,0.0,0.0,3950.0,18.4275,34.9795,0.0,0.0,0.0,0.0,1,0.0,NORMAL
2026-09-07T11:39:42.924539,102915,29887,50,7.308383493027071,27.199015867986112,38,10,0.06591102256403537,NORMAL
2026-09-07T11:39:43.925171,102950,29894,25,6.798179083224894,5.937339293577111,35,7,0.1563684964921954,NORMAL
2026-09-07T11:39:44.926023,102993,29924,16,1.2725144894240672,14.712660872510071,43,30,0.18658865019940146,NORMAL
2026-09-07T11:39:45.927330,103077,29939,156,37.62513805475766,96.27535015906057,84,15,0.8093061882615227,ANOMALY
2026-09-07T11:39:46.928737,103109,29963,47,6.049976282370598,17.924384981418335,32,24,0.2143848873447299,NORMAL
2026-09-07T11:39:47.929797,103169,29983,31,7.676882338775077,27.404436658267386,60,20,0.29416545275274647,NORMAL
2026-09-07T11:39:48.931050,103219,29993,49,5.333120760688925,22.941065234021917,50,10,0.17648161010269256,NORMAL
2026-09-07T11:39:49.931875,103291,30021,47,7.318686734508502,24.29304242507831,72,28,0.03875962963984601,NORMAL
2026-09-07T11:39:50.932785,103383,30044,5,1.3763561811754794,17.81855099032125,92,23,0.28050828603021505,NORMAL
2026-09-07T11:39:51.933828,103447,30060,19,5.377883363021832,24.728468865281123,64,16,0.25164788801109705,NORMAL
2026-09-07T11:39:52.935017,103482,30074,47,7.783601882312627,24.08652439452365,35,14,0.1124703884773462,NORMAL
2026-09-07T11:39:53.935996,103560,30098,7,4.5564365451155595,16.460220739118707,78,24,0.09965283394682246,NORMAL
2026-09-07T11:39:54.936761,103640,30123,8,6.629721896451391,11.105125254599978,80,25,0.023572804337855434,NORMAL
